execucao,variante,token,N,condicao,posicao,k,etapa,ordem,direcao,funcao,seletor,operacao_governada,gas,status,motivo_reversao,tx_hash,segmento_rede
2026-09-23T23-05-26-964Z_checkpoint-history,V1,T1,,,,,deploy_token_T1,,,constructor,0x61016060,,1621017,1,,0x8a423d158719dafa7ff4b82bcd6f6a5661f61c993e6aaede0acbe21a849af082,1
2026-09-23T23-05-26-964Z_checkpoint-history,V1,,,,,,deploy_registry,,,constructor,0x60806040,,4590964,1,,0x9005486642112873086c0faf3a06ce7199e3377186a80eb6eea4235f5e1c6f56,1
2026-09-23T23-05-26-964Z_checkpoint-history,V1,,,,,,deploy_governor_V1,,,constructor,0x6101c080,,2141155,1,,0xe78fdee398cee13d5902695984b018a65d45bf0fbb03613be8e3d1a5fb0f5bf7,1
2026-09-23T23-05-26-964Z_checkpoint-history,V1,,,,,,grant_admin_role,,,grantRole,0x2f2ff15d,,50799,1,,0xfdc9a3875129e16eb4a0e6527cfb2e5662449c13660398cf3b7c723db6d0e009,1
2026-09-23T23-05-26-964Z_checkpoint-history,V1,,,,,,revoke_deployer_admin_role,,,revokeRole,0xd547741f,,27116,1,,0xc189311656167d1c4c211ee1c4f5143a8df64ff72cb449ebf7ec77ff2fd0bcbb,1
2026-09-23T23-05-26-964Z_checkpoint-history,V1,,,5.2-P1,P1,1,delegate_admin,,,,0x5c19a95c,,95559,1,,0xd4695df7ceba86e36d8d32ccf756640823a0c1b729cf20e3a0b632c08e38ee6a,1
2026-09-23T23-05-26-964Z_checkpoint-history,V1,,,5.2-P1,P1,1,delegate_voter,,,,0x5c19a95c,,48347,1,,0x81d5bf8e96fad9ce8b5230dc73abbeb313b25fcb2932728690f357e6b4e905b9,1
2026-09-23T23-05-26-964Z_checkpoint-history,V1,,,5.2-P1,P1,1,transfer_history,1,,,0xa9059cbb,,135960,1,,0xe01fb086ec8d5ccdd199466999a6a1511c14b8dfc1a2cec9d7a746f64c367c4d,1
2026-09-23T23-05-26-964Z_checkpoint-history,V1,,,5.2-P1,P1,1,propose,,,propose,0x7d5e81e2,WasteCategoryRegistry.updateCredits,63255,1,,0xdfd8725079289e9a2244f08f638bdfd8634a161cc3c2f0bb69accc260e1cce3d,1
2026-09-23T23-05-26-964Z_checkpoint-history,V1,,,5.2-P1,P1,1,vote_measured,1,for,castVote,0x56781388,WasteCategoryRegistry.updateCredits,82468,1,,0xe54abf05e08e0365e94c622e95afaace427d8e73f81a47444d9e409436928939,1
2026-09-23T23-05-26-964Z_checkpoint-history,V1,T1,,,,,deploy_token_T1,,,constructor,0x61016060,,1621017,1,,0x8a423d158719dafa7ff4b82bcd6f6a5661f61c993e6aaede0acbe21a849af082,2
2026-09-23T23-05-26-964Z_checkpoint-history,V1,,,,,,deploy_registry,,,constructor,0x60806040,,4590964,1,,0x9005486642112873086c0faf3a06ce7199e3377186a80eb6eea4235f5e1c6f56,2
2026-09-23T23-05-26-964Z_checkpoint-history,V1,,,,,,deploy_governor_V1,,,constructor,0x6101c080,,2141155,1,,0xe78fdee398cee13d5902695984b018a65d45bf0fbb03613be8e3d1a5fb0f5bf7,2
2026-09-23T23-05-26-964Z_checkpoint-history,V1,,,,,,grant_admin_role,,,grantRole,0x2f2ff15d,,50799,1,,0xfdc9a3875129e16eb4a0e6527cfb2e5662449c13660398cf3b7c723db6d0e009,2
2026-09-23T23-05-26-964Z_checkpoint-history,V1,,,,,,revoke_deployer_admin_role,,,revokeRole,0xd547741f,,27116,1,,0xc189311656167d1c4c211ee1c4f5143a8df64ff72cb449ebf7ec77ff2fd0bcbb,2
2026-09-23T23-05-26-964Z_checkpoint-history,V1,,,5.2-P1,P1,2,delegate_admin,,,,0x5c19a95c,,95559,1,,0xd4695df7ceba86e36d8d32ccf756640823a0c1b729cf20e3a0b632c08e38ee6a,2
2026-09-23T23-05-26-964Z_checkpoint-history,V1,,,5.2-P1,P1,2,delegate_voter,,,,0x5c19a95c,,48347,1,,0x81d5bf8e96fad9ce8b5230dc73abbeb313b25fcb2932728690f357e6b4e905b9,2
2026-09-23T23-05-26-964Z_checkpoint-history,V1,,,5.2-P1,P1,2,transfer_history,1,,,0xa9059cbb,,135960,1,,0xed0c3493002d6d8534be4ba08be604d54af961b64a426ff5c0bbb422908ccec0,2
2026-09-23T23-05-26-964Z_checkpoint-history,V1,,,5.2-P1,P1,2,transfer_history,2,,,0xa9059cbb,,104267,1,,0xc4bdbf880df0a3c0af3353047740659b618560334eec3dcd8939b4f65da44ff8,2
2026-09-23T23-05-26-964Z_checkpoint-history,V1,,,5.2-P1,P1,2,propose,,,propose,0x7d5e81e2,WasteCategoryRegistry.updateCredits,63255,1,,0x1c523674c3db1739729b44dcb16bcd64c7b51eccd4474a0bffb06ced283f97e1,2
2026-09-23T23-05-26-964Z_checkpoint-history,V1,,,5.2-P1,P1,2,vote_measured,1,for,castVote,0x56781388,WasteCategoryRegistry.updateCredits,82468,1,,0x5a4554f7fdd34636d8eb285e2c5874bb5a2c516f13e2f8e67175fc8924f1bf49,2
2026-09-23T23-05-26-964Z_checkpoint-history,V1,T1,,,,,deploy_token_T1,,,constructor,0x61016060,,1621017,1,,0x8a423d158719dafa7ff4b82bcd6f6a5661f61c993e6aaede0acbe21a849af082,3
2026-09-23T23-05-26-964Z_checkpoint-history,V1,,,,,,deploy_registry,,,constructor,0x60806040,,4590964,1,,0x9005486642112873086c0faf3a06ce7199e3377186a80eb6eea4235f5e1c6f56,3
2026-09-23T23-05-26-964Z_checkpoint-history,V1,,,,,,deploy_governor_V1,,,constructor,0x6101c080,,2141155,1,,0xe78fdee398cee13d5902695984b018a65d45bf0fbb03613be8e3d1a5fb0f5bf7,3
2026-09-23T23-05-26-964Z_checkpoint-history,V1,,,,,,grant_admin_role,,,grantRole,0x2f2ff15d,,50799,1,,0xfdc9a3875129e16eb4a0e6527cfb2e5662449c13660398cf3b7c723db6d0e009,3
2026-09-23T23-05-26-964Z_checkpoint-history,V1,,,,,,revoke_deployer_admin_role,,,revokeRole,0xd547741f,,27116,1,,0xc189311656167d1c4c211ee1c4f5143a8df64ff72cb449ebf7ec77ff2fd0bcbb,3
2026-09-23T23-05-26-964Z_checkpoint-history,V1,,,5.2-P1,P1,4,delegate_admin,,,,0x5c19a95c,,95559,1,,0xd4695df7ceba86e36d8d32ccf756640823a0c1b729cf20e3a0b632c08e38ee6a,3
2026-09-23T23-05-26-964Z_checkpoint-history,V1,,,5.2-P1,P1,4,delegate_voter,,,,0x5c19a95c,,48347,1,,0x81d5bf8e96fad9ce8b5230dc73abbeb313b25fcb2932728690f357e6b4e905b9,3
2026-09-23T23-05-26-964Z_checkpoint-history,V1,,,5.2-P1,P1,4,transfer_history,1,,,0xa9059cbb,,135960,1,,0xceafda17900dcf75987321345fbf9dcea7465f2d7428aea66f79e0da4671869a,3
2026-09-23T23-05-26-964Z_checkpoint-history,V1,,,5.2-P1,P1,4,transfer_history,2,,,0xa9059cbb,,104267,1,,0x96f577345aa3a019871a3a2b1f3b7afc9b52bc8b4e63cd678937634856b816b4,3
2026-09-23T23-05-26-964Z_checkpoint-history,V1,,,5.2-P1,P1,4,transfer_history,3,,,0xa9059cbb,,104267,1,,0x3a5b3c7d751c4bfda4062813122175b2a3735d9bfba4b91b581189c7830c8b18,3
2026-09-23T23-05-26-964Z_checkpoint-history,V1,,,5.2-P1,P1,4,transfer_history,4,,,0xa9059cbb,,104267,1,,0xa03de26513ded0cab9becf0e2e90df64871968a371fa96da41823738034c48cb,3
2026-09-23T23-05-26-964Z_checkpoint-history,V1,,,5.2-P1,P1,4,propose,,,propose,0x7d5e81e2,WasteCategoryRegistry.updateCredits,63255,1,,0xa053ab27053edd2ce8d2657540bdec02177af364e3b7f4c6a34c03b7479cf6c8,3
2026-09-23T23-05-26-964Z_checkpoint-history,V1,,,5.2-P1,P1,4,vote_measured,1,for,castVote,0x56781388,WasteCategoryRegistry.updateCredits,84818,1,,0x764b10471e2677628442065b93b5e3e026fa174da97e757debe73fc958ab3db1,3
2026-09-23T23-05-26-964Z_checkpoint-history,V1,T1,,,,,deploy_token_T1,,,constructor,0x61016060,,1621017,1,,0x8a423d158719dafa7ff4b82bcd6f6a5661f61c993e6aaede0acbe21a849af082,4
2026-09-23T23-05-26-964Z_checkpoint-history,V1,,,,,,deploy_registry,,,constructor,0x60806040,,4590964,1,,0x9005486642112873086c0faf3a06ce7199e3377186a80eb6eea4235f5e1c6f56,4
2026-09-23T23-05-26-964Z_checkpoint-history,V1,,,,,,deploy_governor_V1,,,constructor,0x6101c080,,2141155,1,,0xe78fdee398cee13d5902695984b018a65d45bf0fbb03613be8e3d1a5fb0f5bf7,4
2026-09-23T23-05-26-964Z_checkpoint-history,V1,,,,,,grant_admin_role,,,grantRole,0x2f2ff15d,,50799,1,,0xfdc9a3875129e16eb4a0e6527cfb2e5662449c13660398cf3b7c723db6d0e009,4
2026-09-23T23-05-26-964Z_checkpoint-history,V1,,,,,,revoke_deployer_admin_role,,,revokeRole,0xd547741f,,27116,1,,0xc189311656167d1c4c211ee1c4f5143a8df64ff72cb449ebf7ec77ff2fd0bcbb,4
2026-09-23T23-05-26-964Z_checkpoint-history,V1,,,5.2-P1,P1,8,delegate_admin,,,,0x5c19a95c,,95559,1,,0xd4695df7ceba86e36d8d32ccf756640823a0c1b729cf20e3a0b632c08e38ee6a,4
2026-09-23T23-05-26-964Z_checkpoint-history,V1,,,5.2-P1,P1,8,delegate_voter,,,,0x5c19a95c,,48347,1,,0x81d5bf8e96fad9ce8b5230dc73abbeb313b25fcb2932728690f357e6b4e905b9,4
2026-09-23T23-05-26-964Z_checkpoint-history,V1,,,5.2-P1,P1,8,transfer_history,1,,,0xa9059cbb,,135960,1,,0xddc0ce0882308e5d9a214b609c89e1339cecb0668f39996db6aee3d674b86863,4
2026-09-23T23-05-26-964Z_checkpoint-history,V1,,,5.2-P1,P1,8,transfer_history,2,,,0xa9059cbb,,104267,1,,0x41f1d0268402abb3ee1d4cc56a7e55a9c88f6c6cef90b4265014fcaecbb5d5aa,4
2026-09-23T23-05-26-964Z_checkpoint-history,V1,,,5.2-P1,P1,8,transfer_history,3,,,0xa9059cbb,,104267,1,,0x25edec3081864b4e6d790f7f332ee4f57c643ff0dff542f2d7c2f0ccbc2cda7f,4
2026-09-23T23-05-26-964Z_checkpoint-history,V1,,,5.2-P1,P1,8,transfer_history,4,,,0xa9059cbb,,104267,1,,0x1d43579cd60fd96177f2a433ab2f64d344e7bf199eb1aeb466ab91f816a579a1,4
2026-09-23T23-05-26-964Z_checkpoint-history,V1,,,5.2-P1,P1,8,transfer_history,5,,,0xa9059cbb,,104267,1,,0x40a3faeb3f135aff70310e823b6d28c216905f5152cc6a76a68e6da9e8d8358f,4
2026-09-23T23-05-26-964Z_checkpoint-history,V1,,,5.2-P1,P1,8,transfer_history,6,,,0xa9059cbb,,104267,1,,0xc111290c4f5a57df8dbdf8f0a4d12a06c461d84856bdececd9db41190168d38a,4
2026-09-23T23-05-26-964Z_checkpoint-history,V1,,,5.2-P1,P1,8,transfer_history,7,,,0xa9059cbb,,104267,1,,0xb6da27ab3af672ee52b7ffc7078a9cfc88e525504a3c8f314105b9bb427cf037,4
2026-09-23T23-05-26-964Z_checkpoint-history,V1,,,5.2-P1,P1,8,transfer_history,8,,,0xa9059cbb,,104267,1,,0x7e287555a0ab33e2952ddb33891c5c0d9c78dab38ad954a6135168e65ef2d3b9,4
2026-09-23T23-05-26-964Z_checkpoint-history,V1,,,5.2-P1,P1,8,propose,,,propose,0x7d5e81e2,WasteCategoryRegistry.updateCredits,63255,1,,0x22d7ac426c03751f79943a640c79231c8f6b21bceecc3ac62f0aaec9bd0998f0,4
2026-09-23T23-05-26-964Z_checkpoint-history,V1,,,5.2-P1,P1,8,vote_measured,1,for,castVote,0x56781388,WasteCategoryRegistry.updateCredits,85659,1,,0x63cde851a1c8121f57c6e9b550a9d221d63d5e896a1f45146c932b766ebe4130,4
2026-09-23T23-05-26-964Z_checkpoint-history,V1,T1,,,,,deploy_token_T1,,,constructor,0x61016060,,1621017,1,,0x8a423d158719dafa7ff4b82bcd6f6a5661f61c993e6aaede0acbe21a849af082,5
2026-09-23T23-05-26-964Z_checkpoint-history,V1,,,,,,deploy_registry,,,constructor,0x60806040,,4590964,1,,0x9005486642112873086c0faf3a06ce7199e3377186a80eb6eea4235f5e1c6f56,5
2026-09-23T23-05-26-964Z_checkpoint-history,V1,,,,,,deploy_governor_V1,,,constructor,0x6101c080,,2141155,1,,0xe78fdee398cee13d5902695984b018a65d45bf0fbb03613be8e3d1a5fb0f5bf7,5
2026-09-23T23-05-26-964Z_checkpoint-history,V1,,,,,,grant_admin_role,,,grantRole,0x2f2ff15d,,50799,1,,0xfdc9a3875129e16eb4a0e6527cfb2e5662449c13660398cf3b7c723db6d0e009,5
2026-09-23T23-05-26-964Z_checkpoint-history,V1,,,,,,revoke_deployer_admin_role,,,revokeRole,0xd547741f,,27116,1,,0xc189311656167d1c4c211ee1c4f5143a8df64ff72cb449ebf7ec77ff2fd0bcbb,5
2026-09-23T23-05-26-964Z_checkpoint-history,V1,,,5.2-P1,P1,16,delegate_admin,,,,0x5c19a95c,,95559,1,,0xd4695df7ceba86e36d8d32ccf756640823a0c1b729cf20e3a0b632c08e38ee6a,5
2026-09-23T23-05-26-964Z_checkpoint-history,V1,,,5.2-P1,P1,16,delegate_voter,,,,0x5c19a95c,,48347,1,,0x81d5bf8e96fad9ce8b5230dc73abbeb313b25fcb2932728690f357e6b4e905b9,5
2026-09-23T23-05-26-964Z_checkpoint-history,V1,,,5.2-P1,P1,16,transfer_history,1,,,0xa9059cbb,,135960,1,,0xb6e9123c43e83bfbecb1553cc624b9dea687d790d8de05856da6714c8cae4bf8,5
2026-09-23T23-05-26-964Z_checkpoint-history,V1,,,5.2-P1,P1,16,transfer_history,2,,,0xa9059cbb,,104267,1,,0xcf582cf6d97401ab53f449b6769abb08efbd3ab12b6a3750844a3433f13f04a0,5
2026-09-23T23-05-26-964Z_checkpoint-history,V1,,,5.2-P1,P1,16,transfer_history,3,,,0xa9059cbb,,104267,1,,0x190afd159ff084bf997dce9e71fa5ee31e65c595029a93f9c525e49dc2c151fd,5
2026-09-23T23-05-26-964Z_checkpoint-history,V1,,,5.2-P1,P1,16,transfer_history,4,,,0xa9059cbb,,104267,1,,0x76d2e5e291ab1a3cd6969e96bd169954d1ff7e694b5f1b88f77d2bdcef0e6e96,5
2026-09-23T23-05-26-964Z_checkpoint-history,V1,,,5.2-P1,P1,16,transfer_history,5,,,0xa9059cbb,,104267,1,,0x476918c7f2c6b23b6551791d4b2c0cc0389f57f71416a676e2744e97f6d3f535,5
2026-09-23T23-05-26-964Z_checkpoint-history,V1,,,5.2-P1,P1,16,transfer_history,6,,,0xa9059cbb,,104267,1,,0x1c10c8c2c2b1b047f2fd79e1e11bf4aaca182764d3465c78f1a4b6b2079cd76c,5
2026-09-23T23-05-26-964Z_checkpoint-history,V1,,,5.2-P1,P1,16,transfer_history,7,,,0xa9059cbb,,104267,1,,0xaa4b57786b7cec9ee8f1084ec3369e4482e0145514b3a880fba17da73666bcf6,5
2026-09-23T23-05-26-964Z_checkpoint-history,V1,,,5.2-P1,P1,16,transfer_history,8,,,0xa9059cbb,,104267,1,,0xbe08657defb8da5c3030300047eb7bef16d1e2472f88a106a030de8546dfa65b,5
2026-09-23T23-05-26-964Z_checkpoint-history,V1,,,5.2-P1,P1,16,transfer_history,9,,,0xa9059cbb,,104267,1,,0x8f584dcc62bc9c9f7dded390f895992e772aceb9162d10f2f687bb9942a0dea6,5
2026-09-23T23-05-26-964Z_checkpoint-history,V1,,,5.2-P1,P1,16,transfer_history,10,,,0xa9059cbb,,104267,1,,0x73166f7077f11b3209f6d6957446f52e42d87c04ef82064a39768c26d45ae037,5
2026-09-23T23-05-26-964Z_checkpoint-history,V1,,,5.2-P1,P1,16,transfer_history,11,,,0xa9059cbb,,104267,1,,0xb63c69c919a4175fbd05007946688cd67048ff38068f8361949adc9ca8529f8e,5
2026-09-23T23-05-26-964Z_checkpoint-history,V1,,,5.2-P1,P1,16,transfer_history,12,,,0xa9059cbb,,104267,1,,0xe24f571d0cf796e4fefcc8a27c9249e04f908b025ff90af9f978b55de3146ae8,5
2026-09-23T23-05-26-964Z_checkpoint-history,V1,,,5.2-P1,P1,16,transfer_history,13,,,0xa9059cbb,,104267,1,,0x6feb4a5dbe28f2b386d9611e8ca10490985132ecb72f57c8c74e70384998dc08,5
2026-09-23T23-05-26-964Z_checkpoint-history,V1,,,5.2-P1,P1,16,transfer_history,14,,,0xa9059cbb,,104267,1,,0x8b36254778ed989d52cf92675f252a97e0b78e7d3ad11bc3a3ae461ffae51a00,5
2026-09-23T23-05-26-964Z_checkpoint-history,V1,,,5.2-P1,P1,16,transfer_history,15,,,0xa9059cbb,,104267,1,,0x759bc210ba5ce26f6dc0f67f48423e039ab5bb967789bc6aa578c97e4a31eae2,5
2026-09-23T23-05-26-964Z_checkpoint-history,V1,,,5.2-P1,P1,16,transfer_history,16,,,0xa9059cbb,,104267,1,,0x82c0bfcb730dcea845cfa48775f44b5e53ad3fc60617eb5e7f7e0f7cb62ecb8f,5
2026-09-23T23-05-26-964Z_checkpoint-history,V1,,,5.2-P1,P1,16,propose,,,propose,0x7d5e81e2,WasteCategoryRegistry.updateCredits,63267,1,,0x1c5ca6944a60b590775bb5d7cb9e3f3e75b1cd62a09666e4c35faa0218ad035a,5
2026-09-23T23-05-26-964Z_checkpoint-history,V1,,,5.2-P1,P1,16,vote_measured,1,for,castVote,0x56781388,WasteCategoryRegistry.updateCredits,88021,1,,0x02fe50a68dd28c70649762fdcd24c14337ad4ed38fb453b301c116f8281595a7,5
2026-09-23T23-05-26-964Z_checkpoint-history,V1,T1,,,,,deploy_token_T1,,,constructor,0x61016060,,1621017,1,,0x8a423d158719dafa7ff4b82bcd6f6a5661f61c993e6aaede0acbe21a849af082,6
2026-09-23T23-05-26-964Z_checkpoint-history,V1,,,,,,deploy_registry,,,constructor,0x60806040,,4590964,1,,0x9005486642112873086c0faf3a06ce7199e3377186a80eb6eea4235f5e1c6f56,6
2026-09-23T23-05-26-964Z_checkpoint-history,V1,,,,,,deploy_governor_V1,,,constructor,0x6101c080,,2141155,1,,0xe78fdee398cee13d5902695984b018a65d45bf0fbb03613be8e3d1a5fb0f5bf7,6
2026-09-23T23-05-26-964Z_checkpoint-history,V1,,,,,,grant_admin_role,,,grantRole,0x2f2ff15d,,50799,1,,0xfdc9a3875129e16eb4a0e6527cfb2e5662449c13660398cf3b7c723db6d0e009,6
2026-09-23T23-05-26-964Z_checkpoint-history,V1,,,,,,revoke_deployer_admin_role,,,revokeRole,0xd547741f,,27116,1,,0xc189311656167d1c4c211ee1c4f5143a8df64ff72cb449ebf7ec77ff2fd0bcbb,6
2026-09-23T23-05-26-964Z_checkpoint-history,V1,,,5.2-P2,P2,2,delegate_admin,,,,0x5c19a95c,,95559,1,,0xd4695df7ceba86e36d8d32ccf756640823a0c1b729cf20e3a0b632c08e38ee6a,6
2026-09-23T23-05-26-964Z_checkpoint-history,V1,,,5.2-P2,P2,2,delegate_voter,,,,0x5c19a95c,,48347,1,,0x81d5bf8e96fad9ce8b5230dc73abbeb313b25fcb2932728690f357e6b4e905b9,6
2026-09-23T23-05-26-964Z_checkpoint-history,V1,,,5.2-P2,P2,2,propose,,,propose,0x7d5e81e2,WasteCategoryRegistry.updateCredits,63255,1,,0xc5c5d701e96b75f28f1baf5b9966687cde08bf1c6cf807249c09f8316dacdf2a,6
2026-09-23T23-05-26-964Z_checkpoint-history,V1,,,5.2-P2,P2,2,transfer_pre_activation,1,,,0xa9059cbb,,135960,1,,0xa1bef6907a8822dea8c7c85b230ce03d91ac84be5946b8681961b289a70d7531,6
2026-09-23T23-05-26-964Z_checkpoint-history,V1,,,5.2-P2,P2,2,transfer_post_activation,1,out,,0xa9059cbb,,104255,1,,0xe7ae5ebc508edaee29c59a97e474add2532e84b2cc855c72c07421ba56224b79,6
2026-09-23T23-05-26-964Z_checkpoint-history,V1,,,5.2-P2,P2,2,vote_measured,1,for,castVote,0x56781388,WasteCategoryRegistry.updateCredits,84733,1,,0x25bdb6d3de47976ac0fb0c55ae6fbc3411272ee88d3d46e710166794fe542f08,6
2026-09-23T23-05-26-964Z_checkpoint-history,V1,T1,,,,,deploy_token_T1,,,constructor,0x61016060,,1621017,1,,0x8a423d158719dafa7ff4b82bcd6f6a5661f61c993e6aaede0acbe21a849af082,7
2026-09-23T23-05-26-964Z_checkpoint-history,V1,,,,,,deploy_registry,,,constructor,0x60806040,,4590964,1,,0x9005486642112873086c0faf3a06ce7199e3377186a80eb6eea4235f5e1c6f56,7
2026-09-23T23-05-26-964Z_checkpoint-history,V1,,,,,,deploy_governor_V1,,,constructor,0x6101c080,,2141155,1,,0xe78fdee398cee13d5902695984b018a65d45bf0fbb03613be8e3d1a5fb0f5bf7,7
2026-09-23T23-05-26-964Z_checkpoint-history,V1,,,,,,grant_admin_role,,,grantRole,0x2f2ff15d,,50799,1,,0xfdc9a3875129e16eb4a0e6527cfb2e5662449c13660398cf3b7c723db6d0e009,7
2026-09-23T23-05-26-964Z_checkpoint-history,V1,,,,,,revoke_deployer_admin_role,,,revokeRole,0xd547741f,,27116,1,,0xc189311656167d1c4c211ee1c4f5143a8df64ff72cb449ebf7ec77ff2fd0bcbb,7
2026-09-23T23-05-26-964Z_checkpoint-history,V1,,,5.2-P2,P2,4,delegate_admin,,,,0x5c19a95c,,95559,1,,0xd4695df7ceba86e36d8d32ccf756640823a0c1b729cf20e3a0b632c08e38ee6a,7
2026-09-23T23-05-26-964Z_checkpoint-history,V1,,,5.2-P2,P2,4,delegate_voter,,,,0x5c19a95c,,48347,1,,0x81d5bf8e96fad9ce8b5230dc73abbeb313b25fcb2932728690f357e6b4e905b9,7
2026-09-23T23-05-26-964Z_checkpoint-history,V1,,,5.2-P2,P2,4,propose,,,propose,0x7d5e81e2,WasteCategoryRegistry.updateCredits,63255,1,,0x8c838134ea9786e35469a80b62baa6dc2ad75d709968a580047cbc304383ad7b,7
2026-09-23T23-05-26-964Z_checkpoint-history,V1,,,5.2-P2,P2,4,transfer_pre_activation,1,,,0xa9059cbb,,135960,1,,0x4ff3c98ba60256518ea740372bbc5119a25f95fd99507a430a2178164e34a28f,7
2026-09-23T23-05-26-964Z_checkpoint-history,V1,,,5.2-P2,P2,4,transfer_pre_activation,2,,,0xa9059cbb,,104267,1,,0xccb5aa580269cf3e1911275b16bc3bbef6f26b08b2fe28d16c0bbbc42ac3086d,7
2026-09-23T23-05-26-964Z_checkpoint-history,V1,,,5.2-P2,P2,4,transfer_post_activation,1,out,,0xa9059cbb,,104255,1,,0xf449d8a94c08e0cf0b9812c09905f7ace5513dcf7204e89eec164ddd977793c6,7
2026-09-23T23-05-26-964Z_checkpoint-history,V1,,,5.2-P2,P2,4,transfer_post_activation,2,in,,0xa9059cbb,,104255,1,,0x41509657784ea50197b33a64ae12851b772f2e3952d9867fa1358151582fc511,7
2026-09-23T23-05-26-964Z_checkpoint-history,V1,,,5.2-P2,P2,4,vote_measured,1,for,castVote,0x56781388,WasteCategoryRegistry.updateCredits,84745,1,,0x0f791aa8cc262bf0473b923d20bad0bde1084b0256571be4cd745bae3b8324f6,7
2026-09-23T23-05-26-964Z_checkpoint-history,V1,T1,,,,,deploy_token_T1,,,constructor,0x61016060,,1621017,1,,0x8a423d158719dafa7ff4b82bcd6f6a5661f61c993e6aaede0acbe21a849af082,8
2026-09-23T23-05-26-964Z_checkpoint-history,V1,,,,,,deploy_registry,,,constructor,0x60806040,,4590964,1,,0x9005486642112873086c0faf3a06ce7199e3377186a80eb6eea4235f5e1c6f56,8
2026-09-23T23-05-26-964Z_checkpoint-history,V1,,,,,,deploy_governor_V1,,,constructor,0x6101c080,,2141155,1,,0xe78fdee398cee13d5902695984b018a65d45bf0fbb03613be8e3d1a5fb0f5bf7,8
2026-09-23T23-05-26-964Z_checkpoint-history,V1,,,,,,grant_admin_role,,,grantRole,0x2f2ff15d,,50799,1,,0xfdc9a3875129e16eb4a0e6527cfb2e5662449c13660398cf3b7c723db6d0e009,8
2026-09-23T23-05-26-964Z_checkpoint-history,V1,,,,,,revoke_deployer_admin_role,,,revokeRole,0xd547741f,,27116,1,,0xc189311656167d1c4c211ee1c4f5143a8df64ff72cb449ebf7ec77ff2fd0bcbb,8
2026-09-23T23-05-26-964Z_checkpoint-history,V1,,,5.2-P2,P2,8,delegate_admin,,,,0x5c19a95c,,95559,1,,0xd4695df7ceba86e36d8d32ccf756640823a0c1b729cf20e3a0b632c08e38ee6a,8
2026-09-23T23-05-26-964Z_checkpoint-history,V1,,,5.2-P2,P2,8,delegate_voter,,,,0x5c19a95c,,48347,1,,0x81d5bf8e96fad9ce8b5230dc73abbeb313b25fcb2932728690f357e6b4e905b9,8
2026-09-23T23-05-26-964Z_checkpoint-history,V1,,,5.2-P2,P2,8,propose,,,propose,0x7d5e81e2,WasteCategoryRegistry.updateCredits,63255,1,,0xafbef24cbd85d1ec41ee1cf2f656f9c803a26073d02a0f201f16adfe799eddc3,8
2026-09-23T23-05-26-964Z_checkpoint-history,V1,,,5.2-P2,P2,8,transfer_pre_activation,1,,,0xa9059cbb,,135960,1,,0x1818ecd862b9fb473fa13c02c510181e8a1ee0671ec6024ab749765321a20dea,8
2026-09-23T23-05-26-964Z_checkpoint-history,V1,,,5.2-P2,P2,8,transfer_pre_activation,2,,,0xa9059cbb,,104267,1,,0xbf72e67ceba5b522abc6abae731928ca4bbbc94ee717309aaa27f6bab85458fd,8
2026-09-23T23-05-26-964Z_checkpoint-history,V1,,,5.2-P2,P2,8,transfer_pre_activation,3,,,0xa9059cbb,,104267,1,,0xa1c5fb6f3cf090a6bf428473f0c64ba2c665e39ecbce78bf384143d022611e96,8
2026-09-23T23-05-26-964Z_checkpoint-history,V1,,,5.2-P2,P2,8,transfer_pre_activation,4,,,0xa9059cbb,,104267,1,,0xb1f2e972fbb366c8b496dee86ad860e638a95c3c44a878a53755dc2de1450e30,8
2026-09-23T23-05-26-964Z_checkpoint-history,V1,,,5.2-P2,P2,8,transfer_post_activation,1,out,,0xa9059cbb,,104255,1,,0x643e84c66c4d9046c7f0e650ef11d3fdf5b660dbcaab59afa98ee38487f88147,8
2026-09-23T23-05-26-964Z_checkpoint-history,V1,,,5.2-P2,P2,8,transfer_post_activation,2,in,,0xa9059cbb,,104255,1,,0x95ce88c54b281e81d865d1c101975622993abaced2af2ad88c2eca98b18da294,8
2026-09-23T23-05-26-964Z_checkpoint-history,V1,,,5.2-P2,P2,8,transfer_post_activation,3,out,,0xa9059cbb,,104255,1,,0x133bba574b6967c0060189ad9ede8ceedfadb2dfb0e786e5f02a50dab69df959,8
2026-09-23T23-05-26-964Z_checkpoint-history,V1,,,5.2-P2,P2,8,transfer_post_activation,4,in,,0xa9059cbb,,104255,1,,0x947729e352891f47544ce84ce9c97a6062da8668d08655cbd531581fd72ec428,8
2026-09-23T23-05-26-964Z_checkpoint-history,V1,,,5.2-P2,P2,8,vote_measured,1,for,castVote,0x56781388,WasteCategoryRegistry.updateCredits,90145,1,,0x7ca2b9157e9793ff34b8119de8a6a6a352c48f3379784bf763190faa218d69e8,8
2026-09-23T23-05-26-964Z_checkpoint-history,V1,T1,,,,,deploy_token_T1,,,constructor,0x61016060,,1621017,1,,0x8a423d158719dafa7ff4b82bcd6f6a5661f61c993e6aaede0acbe21a849af082,9
2026-09-23T23-05-26-964Z_checkpoint-history,V1,,,,,,deploy_registry,,,constructor,0x60806040,,4590964,1,,0x9005486642112873086c0faf3a06ce7199e3377186a80eb6eea4235f5e1c6f56,9
2026-09-23T23-05-26-964Z_checkpoint-history,V1,,,,,,deploy_governor_V1,,,constructor,0x6101c080,,2141155,1,,0xe78fdee398cee13d5902695984b018a65d45bf0fbb03613be8e3d1a5fb0f5bf7,9
2026-09-23T23-05-26-964Z_checkpoint-history,V1,,,,,,grant_admin_role,,,grantRole,0x2f2ff15d,,50799,1,,0xfdc9a3875129e16eb4a0e6527cfb2e5662449c13660398cf3b7c723db6d0e009,9
2026-09-23T23-05-26-964Z_checkpoint-history,V1,,,,,,revoke_deployer_admin_role,,,revokeRole,0xd547741f,,27116,1,,0xc189311656167d1c4c211ee1c4f5143a8df64ff72cb449ebf7ec77ff2fd0bcbb,9
2026-09-23T23-05-26-964Z_checkpoint-history,V1,,,5.2-P2,P2,16,delegate_admin,,,,0x5c19a95c,,95559,1,,0xd4695df7ceba86e36d8d32ccf756640823a0c1b729cf20e3a0b632c08e38ee6a,9
2026-09-23T23-05-26-964Z_checkpoint-history,V1,,,5.2-P2,P2,16,delegate_voter,,,,0x5c19a95c,,48347,1,,0x81d5bf8e96fad9ce8b5230dc73abbeb313b25fcb2932728690f357e6b4e905b9,9
2026-09-23T23-05-26-964Z_checkpoint-history,V1,,,5.2-P2,P2,16,propose,,,propose,0x7d5e81e2,WasteCategoryRegistry.updateCredits,63267,1,,0x9f76127dcc778a78bba0d12e40ec4ece1333b954daf0ba0826b2ce933ddc77ae,9
2026-09-23T23-05-26-964Z_checkpoint-history,V1,,,5.2-P2,P2,16,transfer_pre_activation,1,,,0xa9059cbb,,135960,1,,0xff586257614816cc25e3c9c7ecf1bac61b7b4a1314b89f2a25cb666f93e79404,9
2026-09-23T23-05-26-964Z_checkpoint-history,V1,,,5.2-P2,P2,16,transfer_pre_activation,2,,,0xa9059cbb,,104267,1,,0x16b507b7712402d1ed09819e6346dc67b3f0122b4a959de7bee4058324541148,9
2026-09-23T23-05-26-964Z_checkpoint-history,V1,,,5.2-P2,P2,16,transfer_pre_activation,3,,,0xa9059cbb,,104267,1,,0x0b13cb6aad3d155a6c2f1b2a359f5d612fddc556f7d3bf350c1b7196d2c7360d,9
2026-09-23T23-05-26-964Z_checkpoint-history,V1,,,5.2-P2,P2,16,transfer_pre_activation,4,,,0xa9059cbb,,104267,1,,0x5c0e45df07e3ceb4dabf555fe20ee7e1c34c784cb94843db4e554cba58a5bd74,9
2026-09-23T23-05-26-964Z_checkpoint-history,V1,,,5.2-P2,P2,16,transfer_pre_activation,5,,,0xa9059cbb,,104267,1,,0x596d41cd879f72243a1c684a8320596855390115fc68c2b9cdd2135f3cbd9983,9
2026-09-23T23-05-26-964Z_checkpoint-history,V1,,,5.2-P2,P2,16,transfer_pre_activation,6,,,0xa9059cbb,,104267,1,,0x528b32858c66747dc27bf8b029a255a986d3783245fc9d52f75b6a0ccd8c5f1f,9
2026-09-23T23-05-26-964Z_checkpoint-history,V1,,,5.2-P2,P2,16,transfer_pre_activation,7,,,0xa9059cbb,,104267,1,,0x5311a777b00b431ca0f2dba77ca98f657a7401bec92c31c6a60916d2d2f2f2ed,9
2026-09-23T23-05-26-964Z_checkpoint-history,V1,,,5.2-P2,P2,16,transfer_pre_activation,8,,,0xa9059cbb,,104267,1,,0xfec79ad1f8c5854a2e1a9486e0c77d314bf43fd03dbc72aad842bf246cfbd7ba,9
2026-09-23T23-05-26-964Z_checkpoint-history,V1,,,5.2-P2,P2,16,transfer_post_activation,1,out,,0xa9059cbb,,104255,1,,0x586c97c435399942f81c2f7a1ae52d5dd0ac0a71c4ef3afd3e908323b7fa0ba3,9
2026-09-23T23-05-26-964Z_checkpoint-history,V1,,,5.2-P2,P2,16,transfer_post_activation,2,in,,0xa9059cbb,,104255,1,,0x5d5ce5a87d50987278db0fcd6c54715a3f08d618a6d7f9bb5508e70a36b14dac,9
2026-09-23T23-05-26-964Z_checkpoint-history,V1,,,5.2-P2,P2,16,transfer_post_activation,3,out,,0xa9059cbb,,104255,1,,0xf4f17575d288e496de79273651e3086f91ac54335deb726a0e72d0d509eb1618,9
2026-09-23T23-05-26-964Z_checkpoint-history,V1,,,5.2-P2,P2,16,transfer_post_activation,4,in,,0xa9059cbb,,104255,1,,0x8cfb7c27fcbb7bceb8d7f78feb28fe1c31ca53edfa5e71c2585ed941e0eca8a9,9
2026-09-23T23-05-26-964Z_checkpoint-history,V1,,,5.2-P2,P2,16,transfer_post_activation,5,out,,0xa9059cbb,,104255,1,,0xf2aadc1d41dff470c0b06e7810264426af496593420bb40353bee16a3c619e32,9
2026-09-23T23-05-26-964Z_checkpoint-history,V1,,,5.2-P2,P2,16,transfer_post_activation,6,in,,0xa9059cbb,,104255,1,,0xbfc6721fff957e6790fdf34a6584a7ebaa49d1de2337b23433f2b91e1488ae16,9
2026-09-23T23-05-26-964Z_checkpoint-history,V1,,,5.2-P2,P2,16,transfer_post_activation,7,out,,0xa9059cbb,,104255,1,,0xd1f85fa1c273cc3ddd1143a392efd5de57a7c901e20417c22ea9a427286821bb,9
2026-09-23T23-05-26-964Z_checkpoint-history,V1,,,5.2-P2,P2,16,transfer_post_activation,8,in,,0xa9059cbb,,104255,1,,0x4b1af31ad455a5c016d55cad10217ea1bf935f3e5528e92c84263b16a8c11f7d,9
2026-09-23T23-05-26-964Z_checkpoint-history,V1,,,5.2-P2,P2,16,vote_measured,1,for,castVote,0x56781388,WasteCategoryRegistry.updateCredits,92495,1,,0xa42669e5db2cd5cf83fd5f38bdf63cdd01e3bf37708f21f69a75e0b0e0d29fe8,9
2026-09-23T23-05-26-964Z_checkpoint-history,V2,T1,,,,,deploy_token_T1,,,constructor,0x61016060,,1621017,1,,0x8a423d158719dafa7ff4b82bcd6f6a5661f61c993e6aaede0acbe21a849af082,10
2026-09-23T23-05-26-964Z_checkpoint-history,V2,,,,,,deploy_registry,,,constructor,0x60806040,,4590964,1,,0x9005486642112873086c0faf3a06ce7199e3377186a80eb6eea4235f5e1c6f56,10
2026-09-23T23-05-26-964Z_checkpoint-history,V2,,,,,,deploy_governor_V2,,,constructor,0x6101e080,,2178840,1,,0xe21f093d8b2a9ba6f88367321095e29223ba988a4a5c00b4008de52c6006f6fb,10
2026-09-23T23-05-26-964Z_checkpoint-history,V2,,,,,,grant_admin_role,,,grantRole,0x2f2ff15d,,50799,1,,0x0482dd737ad13e5cf9f342f77b7f4c8d4a60575e6613b501a7a433855227e65d,10
2026-09-23T23-05-26-964Z_checkpoint-history,V2,,,,,,revoke_deployer_admin_role,,,revokeRole,0xd547741f,,27116,1,,0xbf6c6756b6e885a31717a4b56f3c4fc35da4780ca84e075711ea97189f58ea3d,10
2026-09-23T23-05-26-964Z_checkpoint-history,V2,,,5.2-P1,P1,1,delegate_admin,,,,0x5c19a95c,,95559,1,,0xe4ed125ff7fcf34a784094393e69d7b32184f90f45a88cf0e398ac5fe2329d50,10
2026-09-23T23-05-26-964Z_checkpoint-history,V2,,,5.2-P1,P1,1,delegate_voter,,,,0x5c19a95c,,48347,1,,0x8e5cf2e817455991c3f88244f29b95e3c5703efb253d16587c3e019ace8ed4aa,10
2026-09-23T23-05-26-964Z_checkpoint-history,V2,,,5.2-P1,P1,1,transfer_history,1,,,0xa9059cbb,,135960,1,,0xe10ecb97b42138babe52528965ac198018a24ad44870bac43f92d1b923260048,10
2026-09-23T23-05-26-964Z_checkpoint-history,V2,,,5.2-P1,P1,1,propose,,,propose,0x7d5e81e2,WasteCategoryRegistry.updateCredits,63255,1,,0x5660ae849c3f65ab3574af095576d29d519a9f3c1e1133e915c5334af0685080,10
2026-09-23T23-05-26-964Z_checkpoint-history,V2,,,5.2-P1,P1,1,vote_measured,1,for,castVote,0x56781388,WasteCategoryRegistry.updateCredits,82468,1,,0x1c95ae4396e7ee89886f9648c57f3ce590da0267a59eeb69159ccd2ba8ce28b0,10
2026-09-23T23-05-26-964Z_checkpoint-history,V2,T1,,,,,deploy_token_T1,,,constructor,0x61016060,,1621017,1,,0x8a423d158719dafa7ff4b82bcd6f6a5661f61c993e6aaede0acbe21a849af082,11
2026-09-23T23-05-26-964Z_checkpoint-history,V2,,,,,,deploy_registry,,,constructor,0x60806040,,4590964,1,,0x9005486642112873086c0faf3a06ce7199e3377186a80eb6eea4235f5e1c6f56,11
2026-09-23T23-05-26-964Z_checkpoint-history,V2,,,,,,deploy_governor_V2,,,constructor,0x6101e080,,2178840,1,,0xe21f093d8b2a9ba6f88367321095e29223ba988a4a5c00b4008de52c6006f6fb,11
2026-09-23T23-05-26-964Z_checkpoint-history,V2,,,,,,grant_admin_role,,,grantRole,0x2f2ff15d,,50799,1,,0x0482dd737ad13e5cf9f342f77b7f4c8d4a60575e6613b501a7a433855227e65d,11
2026-09-23T23-05-26-964Z_checkpoint-history,V2,,,,,,revoke_deployer_admin_role,,,revokeRole,0xd547741f,,27116,1,,0xbf6c6756b6e885a31717a4b56f3c4fc35da4780ca84e075711ea97189f58ea3d,11
2026-09-23T23-05-26-964Z_checkpoint-history,V2,,,5.2-P1,P1,2,delegate_admin,,,,0x5c19a95c,,95559,1,,0xe4ed125ff7fcf34a784094393e69d7b32184f90f45a88cf0e398ac5fe2329d50,11
2026-09-23T23-05-26-964Z_checkpoint-history,V2,,,5.2-P1,P1,2,delegate_voter,,,,0x5c19a95c,,48347,1,,0x8e5cf2e817455991c3f88244f29b95e3c5703efb253d16587c3e019ace8ed4aa,11
2026-09-23T23-05-26-964Z_checkpoint-history,V2,,,5.2-P1,P1,2,transfer_history,1,,,0xa9059cbb,,135960,1,,0x9c9e0f3b167a2f3438ae1b84d522087b3bddf8ed16beb53e667e842d81f2815c,11
2026-09-23T23-05-26-964Z_checkpoint-history,V2,,,5.2-P1,P1,2,transfer_history,2,,,0xa9059cbb,,104267,1,,0xb029652028dc4419e6f90dfddb94d0b8b23a854ff58c333a1538c4726233b1fa,11
2026-09-23T23-05-26-964Z_checkpoint-history,V2,,,5.2-P1,P1,2,propose,,,propose,0x7d5e81e2,WasteCategoryRegistry.updateCredits,63255,1,,0x8c5084eaa7087d7422b1ff59e23998d1456d66b0ea344160c94fcae01b40933e,11
2026-09-23T23-05-26-964Z_checkpoint-history,V2,,,5.2-P1,P1,2,vote_measured,1,for,castVote,0x56781388,WasteCategoryRegistry.updateCredits,82468,1,,0x05811b83b0d180ce475f498158cf43471efd69844711de6591f4995dbfb85260,11
2026-09-23T23-05-26-964Z_checkpoint-history,V2,T1,,,,,deploy_token_T1,,,constructor,0x61016060,,1621017,1,,0x8a423d158719dafa7ff4b82bcd6f6a5661f61c993e6aaede0acbe21a849af082,12
2026-09-23T23-05-26-964Z_checkpoint-history,V2,,,,,,deploy_registry,,,constructor,0x60806040,,4590964,1,,0x9005486642112873086c0faf3a06ce7199e3377186a80eb6eea4235f5e1c6f56,12
2026-09-23T23-05-26-964Z_checkpoint-history,V2,,,,,,deploy_governor_V2,,,constructor,0x6101e080,,2178840,1,,0xe21f093d8b2a9ba6f88367321095e29223ba988a4a5c00b4008de52c6006f6fb,12
2026-09-23T23-05-26-964Z_checkpoint-history,V2,,,,,,grant_admin_role,,,grantRole,0x2f2ff15d,,50799,1,,0x0482dd737ad13e5cf9f342f77b7f4c8d4a60575e6613b501a7a433855227e65d,12
2026-09-23T23-05-26-964Z_checkpoint-history,V2,,,,,,revoke_deployer_admin_role,,,revokeRole,0xd547741f,,27116,1,,0xbf6c6756b6e885a31717a4b56f3c4fc35da4780ca84e075711ea97189f58ea3d,12
2026-09-23T23-05-26-964Z_checkpoint-history,V2,,,5.2-P1,P1,4,delegate_admin,,,,0x5c19a95c,,95559,1,,0xe4ed125ff7fcf34a784094393e69d7b32184f90f45a88cf0e398ac5fe2329d50,12
2026-09-23T23-05-26-964Z_checkpoint-history,V2,,,5.2-P1,P1,4,delegate_voter,,,,0x5c19a95c,,48347,1,,0x8e5cf2e817455991c3f88244f29b95e3c5703efb253d16587c3e019ace8ed4aa,12
2026-09-23T23-05-26-964Z_checkpoint-history,V2,,,5.2-P1,P1,4,transfer_history,1,,,0xa9059cbb,,135960,1,,0x789e20c71e8a174dc07931717cf66ac32787a5687596f51948654328b97c73ba,12
2026-09-23T23-05-26-964Z_checkpoint-history,V2,,,5.2-P1,P1,4,transfer_history,2,,,0xa9059cbb,,104267,1,,0x97299ebb4a6c63187b56a29f69228a5c33855699a6d4d5f959966761bc148f12,12
2026-09-23T23-05-26-964Z_checkpoint-history,V2,,,5.2-P1,P1,4,transfer_history,3,,,0xa9059cbb,,104267,1,,0xf992feada989cb42bc0bcab8afca6258ece3a869dc2c245e702863bb886eb880,12
2026-09-23T23-05-26-964Z_checkpoint-history,V2,,,5.2-P1,P1,4,transfer_history,4,,,0xa9059cbb,,104267,1,,0xa857171eba6c24f487e91e3edcf46f44b4f12fd65937f799a2240da822f73e9d,12
2026-09-23T23-05-26-964Z_checkpoint-history,V2,,,5.2-P1,P1,4,propose,,,propose,0x7d5e81e2,WasteCategoryRegistry.updateCredits,63255,1,,0xea0def3675c18ccf7f814b9cfce277f382b0751266c8bbe0efdebd14088fa975,12
2026-09-23T23-05-26-964Z_checkpoint-history,V2,,,5.2-P1,P1,4,vote_measured,1,for,castVote,0x56781388,WasteCategoryRegistry.updateCredits,84818,1,,0x2e3d23ff7e55f69e61147afcdf89d3a561681e047d07e891c995621282353a6f,12
2026-09-23T23-05-26-964Z_checkpoint-history,V2,T1,,,,,deploy_token_T1,,,constructor,0x61016060,,1621017,1,,0x8a423d158719dafa7ff4b82bcd6f6a5661f61c993e6aaede0acbe21a849af082,13
2026-09-23T23-05-26-964Z_checkpoint-history,V2,,,,,,deploy_registry,,,constructor,0x60806040,,4590964,1,,0x9005486642112873086c0faf3a06ce7199e3377186a80eb6eea4235f5e1c6f56,13
2026-09-23T23-05-26-964Z_checkpoint-history,V2,,,,,,deploy_governor_V2,,,constructor,0x6101e080,,2178840,1,,0xe21f093d8b2a9ba6f88367321095e29223ba988a4a5c00b4008de52c6006f6fb,13
2026-09-23T23-05-26-964Z_checkpoint-history,V2,,,,,,grant_admin_role,,,grantRole,0x2f2ff15d,,50799,1,,0x0482dd737ad13e5cf9f342f77b7f4c8d4a60575e6613b501a7a433855227e65d,13
2026-09-23T23-05-26-964Z_checkpoint-history,V2,,,,,,revoke_deployer_admin_role,,,revokeRole,0xd547741f,,27116,1,,0xbf6c6756b6e885a31717a4b56f3c4fc35da4780ca84e075711ea97189f58ea3d,13
2026-09-23T23-05-26-964Z_checkpoint-history,V2,,,5.2-P1,P1,8,delegate_admin,,,,0x5c19a95c,,95559,1,,0xe4ed125ff7fcf34a784094393e69d7b32184f90f45a88cf0e398ac5fe2329d50,13
2026-09-23T23-05-26-964Z_checkpoint-history,V2,,,5.2-P1,P1,8,delegate_voter,,,,0x5c19a95c,,48347,1,,0x8e5cf2e817455991c3f88244f29b95e3c5703efb253d16587c3e019ace8ed4aa,13
2026-09-23T23-05-26-964Z_checkpoint-history,V2,,,5.2-P1,P1,8,transfer_history,1,,,0xa9059cbb,,135960,1,,0xc5ffec0682b753f6fb8b9025efa1106ea69851129855d3803c7c81c064271993,13
2026-09-23T23-05-26-964Z_checkpoint-history,V2,,,5.2-P1,P1,8,transfer_history,2,,,0xa9059cbb,,104267,1,,0x31e166eab9f52e2c8bc1e7111f900fa7ee59889c0cae283706f4d170fee4bb23,13
2026-09-23T23-05-26-964Z_checkpoint-history,V2,,,5.2-P1,P1,8,transfer_history,3,,,0xa9059cbb,,104267,1,,0xe13e5a280fb7412e3ac713303fd2af0007f83b1ba975669120b4d1f15b63ee5d,13
2026-09-23T23-05-26-964Z_checkpoint-history,V2,,,5.2-P1,P1,8,transfer_history,4,,,0xa9059cbb,,104267,1,,0xe3486bd75cc8514895ba0acc67f0d035e0ba3839926850f39adc84a47669dfb5,13
2026-09-23T23-05-26-964Z_checkpoint-history,V2,,,5.2-P1,P1,8,transfer_history,5,,,0xa9059cbb,,104267,1,,0xa990d89ca8edfb12b6069c421b51afd5f650de03f57e1b74feab73da5c0f08c6,13
2026-09-23T23-05-26-964Z_checkpoint-history,V2,,,5.2-P1,P1,8,transfer_history,6,,,0xa9059cbb,,104267,1,,0x33eaf892624773e7b21af29cdd3c064c01ea82a81558237020a81d4fec9a3c91,13
2026-09-23T23-05-26-964Z_checkpoint-history,V2,,,5.2-P1,P1,8,transfer_history,7,,,0xa9059cbb,,104267,1,,0xdb7ab26cf5e4b2d632b6366c05ccab2f82ef832c041cc47d9a495381ee839c68,13
2026-09-23T23-05-26-964Z_checkpoint-history,V2,,,5.2-P1,P1,8,transfer_history,8,,,0xa9059cbb,,104267,1,,0xd049ea421461fdcdc85d1692b8267c1107fb1ee500d5e4ac3ccbf79879b870c9,13
2026-09-23T23-05-26-964Z_checkpoint-history,V2,,,5.2-P1,P1,8,propose,,,propose,0x7d5e81e2,WasteCategoryRegistry.updateCredits,63255,1,,0x41ef9f3be9497c5e66595ccd9e2e717c560040ee9f6b64484d5c007f3a6269fb,13
2026-09-23T23-05-26-964Z_checkpoint-history,V2,,,5.2-P1,P1,8,vote_measured,1,for,castVote,0x56781388,WasteCategoryRegistry.updateCredits,85659,1,,0xbfcbaf80e937732835ab222f968fd2f6a23f01b9759a83ad5396dda0b0f6374b,13
2026-09-23T23-05-26-964Z_checkpoint-history,V2,T1,,,,,deploy_token_T1,,,constructor,0x61016060,,1621017,1,,0x8a423d158719dafa7ff4b82bcd6f6a5661f61c993e6aaede0acbe21a849af082,14
2026-09-23T23-05-26-964Z_checkpoint-history,V2,,,,,,deploy_registry,,,constructor,0x60806040,,4590964,1,,0x9005486642112873086c0faf3a06ce7199e3377186a80eb6eea4235f5e1c6f56,14
2026-09-23T23-05-26-964Z_checkpoint-history,V2,,,,,,deploy_governor_V2,,,constructor,0x6101e080,,2178840,1,,0xe21f093d8b2a9ba6f88367321095e29223ba988a4a5c00b4008de52c6006f6fb,14
2026-09-23T23-05-26-964Z_checkpoint-history,V2,,,,,,grant_admin_role,,,grantRole,0x2f2ff15d,,50799,1,,0x0482dd737ad13e5cf9f342f77b7f4c8d4a60575e6613b501a7a433855227e65d,14
2026-09-23T23-05-26-964Z_checkpoint-history,V2,,,,,,revoke_deployer_admin_role,,,revokeRole,0xd547741f,,27116,1,,0xbf6c6756b6e885a31717a4b56f3c4fc35da4780ca84e075711ea97189f58ea3d,14
2026-09-23T23-05-26-964Z_checkpoint-history,V2,,,5.2-P1,P1,16,delegate_admin,,,,0x5c19a95c,,95559,1,,0xe4ed125ff7fcf34a784094393e69d7b32184f90f45a88cf0e398ac5fe2329d50,14
2026-09-23T23-05-26-964Z_checkpoint-history,V2,,,5.2-P1,P1,16,delegate_voter,,,,0x5c19a95c,,48347,1,,0x8e5cf2e817455991c3f88244f29b95e3c5703efb253d16587c3e019ace8ed4aa,14
2026-09-23T23-05-26-964Z_checkpoint-history,V2,,,5.2-P1,P1,16,transfer_history,1,,,0xa9059cbb,,135960,1,,0xd371d7800ea5572c4f40fbc67f68531dcb98bac35db1c7a836c713d8983d4cbe,14
2026-09-23T23-05-26-964Z_checkpoint-history,V2,,,5.2-P1,P1,16,transfer_history,2,,,0xa9059cbb,,104267,1,,0x3a4453b6428962feebe092744dee30c5c3b0e4f35a7ed3429f672a2218a64008,14
2026-09-23T23-05-26-964Z_checkpoint-history,V2,,,5.2-P1,P1,16,transfer_history,3,,,0xa9059cbb,,104267,1,,0xf6d02081826b6ada6f02c45db68fe59340941e34264b4788a83328a283d42ba5,14
2026-09-23T23-05-26-964Z_checkpoint-history,V2,,,5.2-P1,P1,16,transfer_history,4,,,0xa9059cbb,,104267,1,,0x3f67410d7c4b09554990c92921ccd30c83faca3f64dd2727008bbfee62eed4c4,14
2026-09-23T23-05-26-964Z_checkpoint-history,V2,,,5.2-P1,P1,16,transfer_history,5,,,0xa9059cbb,,104267,1,,0x4c0b8f4763824425997aed8d383a5de2b0fe425774215ff4354e9d09bcedd12c,14
2026-09-23T23-05-26-964Z_checkpoint-history,V2,,,5.2-P1,P1,16,transfer_history,6,,,0xa9059cbb,,104267,1,,0xfed759f79f4927e73fa43d5b9501ac7bdbcf3f10d6d283366f94388b2a4cff40,14
2026-09-23T23-05-26-964Z_checkpoint-history,V2,,,5.2-P1,P1,16,transfer_history,7,,,0xa9059cbb,,104267,1,,0xa851686afdc3f5a24ced22b3ac4d07a083a18ad49327822675dac7df3e5c6798,14
2026-09-23T23-05-26-964Z_checkpoint-history,V2,,,5.2-P1,P1,16,transfer_history,8,,,0xa9059cbb,,104267,1,,0x4f3270c0f84c14782cf3ec98e332572eda6e2f25c7812097f1244ab770956b54,14
2026-09-23T23-05-26-964Z_checkpoint-history,V2,,,5.2-P1,P1,16,transfer_history,9,,,0xa9059cbb,,104267,1,,0x26ea63f11031578bb0ba0f6d3933c4e90ef4adab4b9bb610066a3597eb165e48,14
2026-09-23T23-05-26-964Z_checkpoint-history,V2,,,5.2-P1,P1,16,transfer_history,10,,,0xa9059cbb,,104267,1,,0xf44ac333884ee24c23294671aa932e5aebf4fb2981bce5ff7a9e059859e11f71,14
2026-09-23T23-05-26-964Z_checkpoint-history,V2,,,5.2-P1,P1,16,transfer_history,11,,,0xa9059cbb,,104267,1,,0x1b2d97f735a212d63d0f79dc174bcba4aa34b6847ec58d39e84a8b1517110abe,14
2026-09-23T23-05-26-964Z_checkpoint-history,V2,,,5.2-P1,P1,16,transfer_history,12,,,0xa9059cbb,,104267,1,,0xac359b935888aa3e8c38ca89d0a33a26bf74082aa9366b0bfe7c814aa98c1ad5,14
2026-09-23T23-05-26-964Z_checkpoint-history,V2,,,5.2-P1,P1,16,transfer_history,13,,,0xa9059cbb,,104267,1,,0x68082e8b0a74873aa614f3d295c58a27e60486c6bc44aa99b12a82aad8b226ba,14
2026-09-23T23-05-26-964Z_checkpoint-history,V2,,,5.2-P1,P1,16,transfer_history,14,,,0xa9059cbb,,104267,1,,0xee3a234951f3ff005198b75c2186e6a5b57da43e81543984c4bfc94e9bf75977,14
2026-09-23T23-05-26-964Z_checkpoint-history,V2,,,5.2-P1,P1,16,transfer_history,15,,,0xa9059cbb,,104267,1,,0x7e04bdb9c8d602b8d9b85ac8354c744e946fa84606b4aa5097e442eef936ae67,14
2026-09-23T23-05-26-964Z_checkpoint-history,V2,,,5.2-P1,P1,16,transfer_history,16,,,0xa9059cbb,,104267,1,,0xd0535f0c36c6c5d8e16d70b1a58addf0f344fe033708ae74f005226e668c2b91,14
2026-09-23T23-05-26-964Z_checkpoint-history,V2,,,5.2-P1,P1,16,propose,,,propose,0x7d5e81e2,WasteCategoryRegistry.updateCredits,63267,1,,0x56cca0d7cd43622e9f839507eeb9cc447a4c378784f43cbcc678fde148568617,14
2026-09-23T23-05-26-964Z_checkpoint-history,V2,,,5.2-P1,P1,16,vote_measured,1,for,castVote,0x56781388,WasteCategoryRegistry.updateCredits,88021,1,,0x582e5b5ef9c638027141cd5163724d26a7092abae3f58b5ed8cb97def98d28c5,14
2026-09-23T23-05-26-964Z_checkpoint-history,V2,T1,,,,,deploy_token_T1,,,constructor,0x61016060,,1621017,1,,0x8a423d158719dafa7ff4b82bcd6f6a5661f61c993e6aaede0acbe21a849af082,15
2026-09-23T23-05-26-964Z_checkpoint-history,V2,,,,,,deploy_registry,,,constructor,0x60806040,,4590964,1,,0x9005486642112873086c0faf3a06ce7199e3377186a80eb6eea4235f5e1c6f56,15
2026-09-23T23-05-26-964Z_checkpoint-history,V2,,,,,,deploy_governor_V2,,,constructor,0x6101e080,,2178840,1,,0xe21f093d8b2a9ba6f88367321095e29223ba988a4a5c00b4008de52c6006f6fb,15
2026-09-23T23-05-26-964Z_checkpoint-history,V2,,,,,,grant_admin_role,,,grantRole,0x2f2ff15d,,50799,1,,0x0482dd737ad13e5cf9f342f77b7f4c8d4a60575e6613b501a7a433855227e65d,15
2026-09-23T23-05-26-964Z_checkpoint-history,V2,,,,,,revoke_deployer_admin_role,,,revokeRole,0xd547741f,,27116,1,,0xbf6c6756b6e885a31717a4b56f3c4fc35da4780ca84e075711ea97189f58ea3d,15
2026-09-23T23-05-26-964Z_checkpoint-history,V2,,,5.2-P2,P2,2,delegate_admin,,,,0x5c19a95c,,95559,1,,0xe4ed125ff7fcf34a784094393e69d7b32184f90f45a88cf0e398ac5fe2329d50,15
2026-09-23T23-05-26-964Z_checkpoint-history,V2,,,5.2-P2,P2,2,delegate_voter,,,,0x5c19a95c,,48347,1,,0x8e5cf2e817455991c3f88244f29b95e3c5703efb253d16587c3e019ace8ed4aa,15
2026-09-23T23-05-26-964Z_checkpoint-history,V2,,,5.2-P2,P2,2,propose,,,propose,0x7d5e81e2,WasteCategoryRegistry.updateCredits,63255,1,,0x803a8df7bbca6b80ccf5cb900175db4046056c2c077373e24a770f2fc8b8cdee,15
2026-09-23T23-05-26-964Z_checkpoint-history,V2,,,5.2-P2,P2,2,transfer_pre_activation,1,,,0xa9059cbb,,135960,1,,0xed9d2e29c39dc84d56aa1228eceaa4051b1a4ca8c1fff9e5db74ff0e63d6c766,15
2026-09-23T23-05-26-964Z_checkpoint-history,V2,,,5.2-P2,P2,2,transfer_post_activation,1,out,,0xa9059cbb,,104255,1,,0xbf7858a34d86143b0d15fa866651e17eb809cab2c0568b16133ee9cbb6f4e557,15
2026-09-23T23-05-26-964Z_checkpoint-history,V2,,,5.2-P2,P2,2,vote_measured,1,for,castVote,0x56781388,WasteCategoryRegistry.updateCredits,84733,1,,0x8c1c56c71b55cc11eebb76ad1b483bf9253659a0b761f9360cca68d899aaf880,15
2026-09-23T23-05-26-964Z_checkpoint-history,V2,T1,,,,,deploy_token_T1,,,constructor,0x61016060,,1621017,1,,0x8a423d158719dafa7ff4b82bcd6f6a5661f61c993e6aaede0acbe21a849af082,16
2026-09-23T23-05-26-964Z_checkpoint-history,V2,,,,,,deploy_registry,,,constructor,0x60806040,,4590964,1,,0x9005486642112873086c0faf3a06ce7199e3377186a80eb6eea4235f5e1c6f56,16
2026-09-23T23-05-26-964Z_checkpoint-history,V2,,,,,,deploy_governor_V2,,,constructor,0x6101e080,,2178840,1,,0xe21f093d8b2a9ba6f88367321095e29223ba988a4a5c00b4008de52c6006f6fb,16
2026-09-23T23-05-26-964Z_checkpoint-history,V2,,,,,,grant_admin_role,,,grantRole,0x2f2ff15d,,50799,1,,0x0482dd737ad13e5cf9f342f77b7f4c8d4a60575e6613b501a7a433855227e65d,16
2026-09-23T23-05-26-964Z_checkpoint-history,V2,,,,,,revoke_deployer_admin_role,,,revokeRole,0xd547741f,,27116,1,,0xbf6c6756b6e885a31717a4b56f3c4fc35da4780ca84e075711ea97189f58ea3d,16
2026-09-23T23-05-26-964Z_checkpoint-history,V2,,,5.2-P2,P2,4,delegate_admin,,,,0x5c19a95c,,95559,1,,0xe4ed125ff7fcf34a784094393e69d7b32184f90f45a88cf0e398ac5fe2329d50,16
2026-09-23T23-05-26-964Z_checkpoint-history,V2,,,5.2-P2,P2,4,delegate_voter,,,,0x5c19a95c,,48347,1,,0x8e5cf2e817455991c3f88244f29b95e3c5703efb253d16587c3e019ace8ed4aa,16
2026-09-23T23-05-26-964Z_checkpoint-history,V2,,,5.2-P2,P2,4,propose,,,propose,0x7d5e81e2,WasteCategoryRegistry.updateCredits,63255,1,,0x77ca5ded4fd892c05c059bc1b0225d71f71725ff0e10088101736d5ec18df529,16
2026-09-23T23-05-26-964Z_checkpoint-history,V2,,,5.2-P2,P2,4,transfer_pre_activation,1,,,0xa9059cbb,,135960,1,,0x0a08f0d3acf40fe7fe726fab80216d4ffa82f8354ae15b45a0fec087f7c9b937,16
2026-09-23T23-05-26-964Z_checkpoint-history,V2,,,5.2-P2,P2,4,transfer_pre_activation,2,,,0xa9059cbb,,104267,1,,0x29dedf1d4c5a24c2aa5e81f498895955bac4dfee3ff83083af46f401a43fb0d6,16
2026-09-23T23-05-26-964Z_checkpoint-history,V2,,,5.2-P2,P2,4,transfer_post_activation,1,out,,0xa9059cbb,,104255,1,,0x193802851ced86db1c366df7209016762669a97d233af7640dd098acd41ce91b,16
2026-09-23T23-05-26-964Z_checkpoint-history,V2,,,5.2-P2,P2,4,transfer_post_activation,2,in,,0xa9059cbb,,104255,1,,0xa7dff1f8f2e9618a2702911be3436fd63cd8c7fe9764fa71b343055401fa3c54,16
2026-09-23T23-05-26-964Z_checkpoint-history,V2,,,5.2-P2,P2,4,vote_measured,1,for,castVote,0x56781388,WasteCategoryRegistry.updateCredits,84745,1,,0xe5ec5fb5e46f237e43ae575b4e4b7c30935aad577f25abeb922e266bbbd4747a,16
2026-09-23T23-05-26-964Z_checkpoint-history,V2,T1,,,,,deploy_token_T1,,,constructor,0x61016060,,1621017,1,,0x8a423d158719dafa7ff4b82bcd6f6a5661f61c993e6aaede0acbe21a849af082,17
2026-09-23T23-05-26-964Z_checkpoint-history,V2,,,,,,deploy_registry,,,constructor,0x60806040,,4590964,1,,0x9005486642112873086c0faf3a06ce7199e3377186a80eb6eea4235f5e1c6f56,17
2026-09-23T23-05-26-964Z_checkpoint-history,V2,,,,,,deploy_governor_V2,,,constructor,0x6101e080,,2178840,1,,0xe21f093d8b2a9ba6f88367321095e29223ba988a4a5c00b4008de52c6006f6fb,17
2026-09-23T23-05-26-964Z_checkpoint-history,V2,,,,,,grant_admin_role,,,grantRole,0x2f2ff15d,,50799,1,,0x0482dd737ad13e5cf9f342f77b7f4c8d4a60575e6613b501a7a433855227e65d,17
2026-09-23T23-05-26-964Z_checkpoint-history,V2,,,,,,revoke_deployer_admin_role,,,revokeRole,0xd547741f,,27116,1,,0xbf6c6756b6e885a31717a4b56f3c4fc35da4780ca84e075711ea97189f58ea3d,17
2026-09-23T23-05-26-964Z_checkpoint-history,V2,,,5.2-P2,P2,8,delegate_admin,,,,0x5c19a95c,,95559,1,,0xe4ed125ff7fcf34a784094393e69d7b32184f90f45a88cf0e398ac5fe2329d50,17
2026-09-23T23-05-26-964Z_checkpoint-history,V2,,,5.2-P2,P2,8,delegate_voter,,,,0x5c19a95c,,48347,1,,0x8e5cf2e817455991c3f88244f29b95e3c5703efb253d16587c3e019ace8ed4aa,17
2026-09-23T23-05-26-964Z_checkpoint-history,V2,,,5.2-P2,P2,8,propose,,,propose,0x7d5e81e2,WasteCategoryRegistry.updateCredits,63255,1,,0x6b551bc9a77510ba9963fdda5d4c0deb5015f44317b4f83b188d92af73496260,17
2026-09-23T23-05-26-964Z_checkpoint-history,V2,,,5.2-P2,P2,8,transfer_pre_activation,1,,,0xa9059cbb,,135960,1,,0xe65600bc8c9e89e2db58c448dc6bab415c4e92c8576b47473b9c6722d65e0505,17
2026-09-23T23-05-26-964Z_checkpoint-history,V2,,,5.2-P2,P2,8,transfer_pre_activation,2,,,0xa9059cbb,,104267,1,,0xc09a2dcde11dc33539941cb4dd5724238b3009ba3d882a294f14bdc4abfb4812,17
2026-09-23T23-05-26-964Z_checkpoint-history,V2,,,5.2-P2,P2,8,transfer_pre_activation,3,,,0xa9059cbb,,104267,1,,0xddc8186f8504e35475cdb2c98805b3daae2862d8c0d03d8fc328c42fc29de94a,17
2026-09-23T23-05-26-964Z_checkpoint-history,V2,,,5.2-P2,P2,8,transfer_pre_activation,4,,,0xa9059cbb,,104267,1,,0x14b098ab7bb4364d8c4e080da99b008a510079a27c44bc565d25b6db1f4b6dbf,17
2026-09-23T23-05-26-964Z_checkpoint-history,V2,,,5.2-P2,P2,8,transfer_post_activation,1,out,,0xa9059cbb,,104255,1,,0xa62b942a8d0d60884be070410a0303df1f0081ddb4e6196a8f1eb79e63e928c3,17
2026-09-23T23-05-26-964Z_checkpoint-history,V2,,,5.2-P2,P2,8,transfer_post_activation,2,in,,0xa9059cbb,,104255,1,,0xc721e7c63e3131ec7cfd8b555651d0d05aa3c8eda10fff73ddd270d4ab724bb8,17
2026-09-23T23-05-26-964Z_checkpoint-history,V2,,,5.2-P2,P2,8,transfer_post_activation,3,out,,0xa9059cbb,,104255,1,,0xac37e41c0f2b97480ca521762ac98423ebcc5e89e0aa6aa5b735e0af9ef30604,17
2026-09-23T23-05-26-964Z_checkpoint-history,V2,,,5.2-P2,P2,8,transfer_post_activation,4,in,,0xa9059cbb,,104255,1,,0x507d79becb801dac8af41410b138be06bf86b760b711e4664ed59a601834c6f0,17
2026-09-23T23-05-26-964Z_checkpoint-history,V2,,,5.2-P2,P2,8,vote_measured,1,for,castVote,0x56781388,WasteCategoryRegistry.updateCredits,90145,1,,0x67e3a3573e332ab7e231fec4ff29acfa3b7ba990cee6239e3d4ceeb67442af1a,17
2026-09-23T23-05-26-964Z_checkpoint-history,V2,T1,,,,,deploy_token_T1,,,constructor,0x61016060,,1621017,1,,0x8a423d158719dafa7ff4b82bcd6f6a5661f61c993e6aaede0acbe21a849af082,18
2026-09-23T23-05-26-964Z_checkpoint-history,V2,,,,,,deploy_registry,,,constructor,0x60806040,,4590964,1,,0x9005486642112873086c0faf3a06ce7199e3377186a80eb6eea4235f5e1c6f56,18
2026-09-23T23-05-26-964Z_checkpoint-history,V2,,,,,,deploy_governor_V2,,,constructor,0x6101e080,,2178840,1,,0xe21f093d8b2a9ba6f88367321095e29223ba988a4a5c00b4008de52c6006f6fb,18
2026-09-23T23-05-26-964Z_checkpoint-history,V2,,,,,,grant_admin_role,,,grantRole,0x2f2ff15d,,50799,1,,0x0482dd737ad13e5cf9f342f77b7f4c8d4a60575e6613b501a7a433855227e65d,18
2026-09-23T23-05-26-964Z_checkpoint-history,V2,,,,,,revoke_deployer_admin_role,,,revokeRole,0xd547741f,,27116,1,,0xbf6c6756b6e885a31717a4b56f3c4fc35da4780ca84e075711ea97189f58ea3d,18
2026-09-23T23-05-26-964Z_checkpoint-history,V2,,,5.2-P2,P2,16,delegate_admin,,,,0x5c19a95c,,95559,1,,0xe4ed125ff7fcf34a784094393e69d7b32184f90f45a88cf0e398ac5fe2329d50,18
2026-09-23T23-05-26-964Z_checkpoint-history,V2,,,5.2-P2,P2,16,delegate_voter,,,,0x5c19a95c,,48347,1,,0x8e5cf2e817455991c3f88244f29b95e3c5703efb253d16587c3e019ace8ed4aa,18
2026-09-23T23-05-26-964Z_checkpoint-history,V2,,,5.2-P2,P2,16,propose,,,propose,0x7d5e81e2,WasteCategoryRegistry.updateCredits,63267,1,,0xf4d7fd709f6dd6a9e366d6aa86a7bbddf287a727bba2de1edd5f8330406a6810,18
2026-09-23T23-05-26-964Z_checkpoint-history,V2,,,5.2-P2,P2,16,transfer_pre_activation,1,,,0xa9059cbb,,135960,1,,0x3d67ae38bb06d57a60f6f3767d8283c5a8e0d526d648383cd6fae35dc9b46d94,18
2026-09-23T23-05-26-964Z_checkpoint-history,V2,,,5.2-P2,P2,16,transfer_pre_activation,2,,,0xa9059cbb,,104267,1,,0x596fdfbdc7a9c421c2751dfef803c3b92d888ce95b75171748254396680cca8e,18
2026-09-23T23-05-26-964Z_checkpoint-history,V2,,,5.2-P2,P2,16,transfer_pre_activation,3,,,0xa9059cbb,,104267,1,,0x40e300a0557875f47d439c4306eeefe6df09b1b34a288cc05da15df3a26e76a0,18
2026-09-23T23-05-26-964Z_checkpoint-history,V2,,,5.2-P2,P2,16,transfer_pre_activation,4,,,0xa9059cbb,,104267,1,,0xc4e84831e5d925389b693cab4c436d3ed5bb2bcccd413e35e52b0c003b250040,18
2026-09-23T23-05-26-964Z_checkpoint-history,V2,,,5.2-P2,P2,16,transfer_pre_activation,5,,,0xa9059cbb,,104267,1,,0xbaf41073bfec001c56a9b02d5aa17058d6d55996dc0580c37385afea1c640a6b,18
2026-09-23T23-05-26-964Z_checkpoint-history,V2,,,5.2-P2,P2,16,transfer_pre_activation,6,,,0xa9059cbb,,104267,1,,0xbff59f459bf770533a88bb8cf73d0908aa3f2618ef9e417af697c3f9c3d666c1,18
2026-09-23T23-05-26-964Z_checkpoint-history,V2,,,5.2-P2,P2,16,transfer_pre_activation,7,,,0xa9059cbb,,104267,1,,0xd80b972a7ee226ee594e678d234d3db4cc78c3416423dd685ce2b2d78f6d3e87,18
2026-09-23T23-05-26-964Z_checkpoint-history,V2,,,5.2-P2,P2,16,transfer_pre_activation,8,,,0xa9059cbb,,104267,1,,0x8f06f1e48930bfba150e20c79808c3ab92509a146ca19b25be7b046abe0fd64c,18
2026-09-23T23-05-26-964Z_checkpoint-history,V2,,,5.2-P2,P2,16,transfer_post_activation,1,out,,0xa9059cbb,,104255,1,,0xd3de3d82c206de2ec1f993eaaa86c034bb83f2ddcaf81dbc8729d89565e61600,18
2026-09-23T23-05-26-964Z_checkpoint-history,V2,,,5.2-P2,P2,16,transfer_post_activation,2,in,,0xa9059cbb,,104255,1,,0x2fe96cafec9c00f1665fc3de6810cefa272168bf9b36d47eaf66f8de403ec82e,18
2026-09-23T23-05-26-964Z_checkpoint-history,V2,,,5.2-P2,P2,16,transfer_post_activation,3,out,,0xa9059cbb,,104255,1,,0xc8a53fc21161b5199fdc81d4a2abf9e7f0616a32455fd3df643c2dbad79e622b,18
2026-09-23T23-05-26-964Z_checkpoint-history,V2,,,5.2-P2,P2,16,transfer_post_activation,4,in,,0xa9059cbb,,104255,1,,0xd73d1e7e9f16c15d748985f4e21aca14e9e90d2a48ac7046e8a2ebe4aa1de052,18
2026-09-23T23-05-26-964Z_checkpoint-history,V2,,,5.2-P2,P2,16,transfer_post_activation,5,out,,0xa9059cbb,,104255,1,,0x8cfdfe42cad71838cfd9e679d2c378ffa5fccb3ec5e1d692fa7a02a7f101816c,18
2026-09-23T23-05-26-964Z_checkpoint-history,V2,,,5.2-P2,P2,16,transfer_post_activation,6,in,,0xa9059cbb,,104255,1,,0x81448dedc91f6a51a7029d0f3578425d361619571cdf16d6a70412d87b206887,18
2026-09-23T23-05-26-964Z_checkpoint-history,V2,,,5.2-P2,P2,16,transfer_post_activation,7,out,,0xa9059cbb,,104255,1,,0xabd68ed7060deed69b4b8accd2964bb6cbeb4bc2b7d0ec56ebd0021def6be674,18
2026-09-23T23-05-26-964Z_checkpoint-history,V2,,,5.2-P2,P2,16,transfer_post_activation,8,in,,0xa9059cbb,,104255,1,,0x1a3abf68b544d1f76d0d51d0a41b6d33d705d3577926776ec4e9593c5efd39f3,18
2026-09-23T23-05-26-964Z_checkpoint-history,V2,,,5.2-P2,P2,16,vote_measured,1,for,castVote,0x56781388,WasteCategoryRegistry.updateCredits,92495,1,,0x4798a3db47aa32fe0d09eb69915976f4fd7ec7054a65b6ff51d9b796e2adf553,18
2026-09-23T23-05-26-964Z_checkpoint-history,Ref,T1,,,,,deploy_token_T1,,,constructor,0x61016060,,1621017,1,,0x8a423d158719dafa7ff4b82bcd6f6a5661f61c993e6aaede0acbe21a849af082,19
2026-09-23T23-05-26-964Z_checkpoint-history,Ref,,,,,,deploy_registry,,,constructor,0x60806040,,4590964,1,,0x9005486642112873086c0faf3a06ce7199e3377186a80eb6eea4235f5e1c6f56,19
2026-09-23T23-05-26-964Z_checkpoint-history,Ref,,,,,,deploy_rewards_registry_for_ctor,,,constructor,0x60806040,,4590964,1,,0x484f4210d177094deb4832deb5e459c708c732becb1881e1d1417503c177d84a,19
2026-09-23T23-05-26-964Z_checkpoint-history,Ref,,,,,,deploy_credit,,,constructor,0x60806040,,931954,1,,0xda6265176213799bfac2d03545eb38f6f6d6d978852db5e040dec6bdc95b6a46,19
2026-09-23T23-05-26-964Z_checkpoint-history,Ref,,,,,,deploy_passport,,,constructor,0x60806040,,2776581,1,,0xe5a36162780b85ac2b217350036da2286056186a02d74234dd0980865a07c217,19
2026-09-23T23-05-26-964Z_checkpoint-history,Ref,,,,,,deploy_rewards,,,constructor,0x60803461,,1246140,1,,0x748f3eef423a29001e508633e407c909b25f0e6a89b560856468f0ac6655c439,19
2026-09-23T23-05-26-964Z_checkpoint-history,Ref,,,,,,deploy_stakeholders,,,constructor,0x60803461,,1679823,1,,0xd4be2e468d589ae7e76ff2c292757707613e73c2a9e8f4c774280b5fd0991072,19
2026-09-23T23-05-26-964Z_checkpoint-history,Ref,,,,,,deploy_governor_Ref,,,constructor,0x61018060,,4434623,1,,0x336045c2263454e2a71947bb0f2aaa8c7df8b8c5c06a2e625d2a43c4cea51743,19
2026-09-23T23-05-26-964Z_checkpoint-history,Ref,,,,,,grant_admin_role,,,grantRole,0x2f2ff15d,,50799,1,,0x9477ec21ceecb8e71e570a8e5c711d060981c6dc53217d4071b2c7d012604374,19
2026-09-23T23-05-26-964Z_checkpoint-history,Ref,,,,,,revoke_deployer_admin_role,,,revokeRole,0xd547741f,,27116,1,,0x4571f6b2b82c72e95dbfd028346a3c95cee362f1cdc4e946338a9d1e56d58c09,19
2026-09-23T23-05-26-964Z_checkpoint-history,Ref,,,5.2-P1,P1,1,delegate_admin,,,,0x5c19a95c,,95559,1,,0xfca7f8e34a7a367a38495092e6c6ae53f6f6bbc6c6cdd047fed83c770b76a8c9,19
2026-09-23T23-05-26-964Z_checkpoint-history,Ref,,,5.2-P1,P1,1,delegate_voter,,,,0x5c19a95c,,48347,1,,0x2f1db724527155bbb87015320f4de9a632dd20bb0d57eddcbd649b18207511a9,19
2026-09-23T23-05-26-964Z_checkpoint-history,Ref,,,5.2-P1,P1,1,transfer_history,1,,,0xa9059cbb,,135960,1,,0xf73818cab7bec22c2873568741ee5b205f7bcf739ff4a4e81e3c97b5f44fe6a7,19
2026-09-23T23-05-26-964Z_checkpoint-history,Ref,,,5.2-P1,P1,1,propose,,,propose,0x7d5e81e2,WasteCategoryRegistry.updateCredits,75966,1,,0xba35dd21aebd2db0fd636c435928af928c04349f4715ebd0bc7d47bfd5228cf7,19
2026-09-23T23-05-26-964Z_checkpoint-history,Ref,,,5.2-P1,P1,1,vote_measured,1,for,castVote,0x56781388,WasteCategoryRegistry.updateCredits,83098,1,,0x16cbe3dabfc0cba1f88a4dac0317188e2037a799a5bfa3c8afdd7be463a3a836,19
2026-09-23T23-05-26-964Z_checkpoint-history,Ref,T1,,,,,deploy_token_T1,,,constructor,0x61016060,,1621017,1,,0x8a423d158719dafa7ff4b82bcd6f6a5661f61c993e6aaede0acbe21a849af082,20
2026-09-23T23-05-26-964Z_checkpoint-history,Ref,,,,,,deploy_registry,,,constructor,0x60806040,,4590964,1,,0x9005486642112873086c0faf3a06ce7199e3377186a80eb6eea4235f5e1c6f56,20
2026-09-23T23-05-26-964Z_checkpoint-history,Ref,,,,,,deploy_rewards_registry_for_ctor,,,constructor,0x60806040,,4590964,1,,0x484f4210d177094deb4832deb5e459c708c732becb1881e1d1417503c177d84a,20
2026-09-23T23-05-26-964Z_checkpoint-history,Ref,,,,,,deploy_credit,,,constructor,0x60806040,,931954,1,,0xda6265176213799bfac2d03545eb38f6f6d6d978852db5e040dec6bdc95b6a46,20
2026-09-23T23-05-26-964Z_checkpoint-history,Ref,,,,,,deploy_passport,,,constructor,0x60806040,,2776581,1,,0xe5a36162780b85ac2b217350036da2286056186a02d74234dd0980865a07c217,20
2026-09-23T23-05-26-964Z_checkpoint-history,Ref,,,,,,deploy_rewards,,,constructor,0x60803461,,1246140,1,,0x748f3eef423a29001e508633e407c909b25f0e6a89b560856468f0ac6655c439,20
2026-09-23T23-05-26-964Z_checkpoint-history,Ref,,,,,,deploy_stakeholders,,,constructor,0x60803461,,1679823,1,,0xd4be2e468d589ae7e76ff2c292757707613e73c2a9e8f4c774280b5fd0991072,20
2026-09-23T23-05-26-964Z_checkpoint-history,Ref,,,,,,deploy_governor_Ref,,,constructor,0x61018060,,4434623,1,,0x336045c2263454e2a71947bb0f2aaa8c7df8b8c5c06a2e625d2a43c4cea51743,20
2026-09-23T23-05-26-964Z_checkpoint-history,Ref,,,,,,grant_admin_role,,,grantRole,0x2f2ff15d,,50799,1,,0x9477ec21ceecb8e71e570a8e5c711d060981c6dc53217d4071b2c7d012604374,20
2026-09-23T23-05-26-964Z_checkpoint-history,Ref,,,,,,revoke_deployer_admin_role,,,revokeRole,0xd547741f,,27116,1,,0x4571f6b2b82c72e95dbfd028346a3c95cee362f1cdc4e946338a9d1e56d58c09,20
2026-09-23T23-05-26-964Z_checkpoint-history,Ref,,,5.2-P1,P1,2,delegate_admin,,,,0x5c19a95c,,95559,1,,0xfca7f8e34a7a367a38495092e6c6ae53f6f6bbc6c6cdd047fed83c770b76a8c9,20
2026-09-23T23-05-26-964Z_checkpoint-history,Ref,,,5.2-P1,P1,2,delegate_voter,,,,0x5c19a95c,,48347,1,,0x2f1db724527155bbb87015320f4de9a632dd20bb0d57eddcbd649b18207511a9,20
2026-09-23T23-05-26-964Z_checkpoint-history,Ref,,,5.2-P1,P1,2,transfer_history,1,,,0xa9059cbb,,135960,1,,0xfe688b27e2916019d17543b0e31b0cf47c5f34267ab4319e265575c810243e44,20
2026-09-23T23-05-26-964Z_checkpoint-history,Ref,,,5.2-P1,P1,2,transfer_history,2,,,0xa9059cbb,,104267,1,,0xa53beec1df7b82b55a268c326ac67a26075d41e58b9ffbbc220023d695c5cd00,20
2026-09-23T23-05-26-964Z_checkpoint-history,Ref,,,5.2-P1,P1,2,propose,,,propose,0x7d5e81e2,WasteCategoryRegistry.updateCredits,78316,1,,0xebf8fd5740617d5bf8a19172adc85d275b192c426258ab26d4f7a3bd15fe631d,20
2026-09-23T23-05-26-964Z_checkpoint-history,Ref,,,5.2-P1,P1,2,vote_measured,1,for,castVote,0x56781388,WasteCategoryRegistry.updateCredits,83098,1,,0x9ae6e9ba35023f7bbf40c862d4d8f787fe470bb9d90ee0064d8351621dce4c53,20
2026-09-23T23-05-26-964Z_checkpoint-history,Ref,T1,,,,,deploy_token_T1,,,constructor,0x61016060,,1621017,1,,0x8a423d158719dafa7ff4b82bcd6f6a5661f61c993e6aaede0acbe21a849af082,21
2026-09-23T23-05-26-964Z_checkpoint-history,Ref,,,,,,deploy_registry,,,constructor,0x60806040,,4590964,1,,0x9005486642112873086c0faf3a06ce7199e3377186a80eb6eea4235f5e1c6f56,21
2026-09-23T23-05-26-964Z_checkpoint-history,Ref,,,,,,deploy_rewards_registry_for_ctor,,,constructor,0x60806040,,4590964,1,,0x484f4210d177094deb4832deb5e459c708c732becb1881e1d1417503c177d84a,21
2026-09-23T23-05-26-964Z_checkpoint-history,Ref,,,,,,deploy_credit,,,constructor,0x60806040,,931954,1,,0xda6265176213799bfac2d03545eb38f6f6d6d978852db5e040dec6bdc95b6a46,21
2026-09-23T23-05-26-964Z_checkpoint-history,Ref,,,,,,deploy_passport,,,constructor,0x60806040,,2776581,1,,0xe5a36162780b85ac2b217350036da2286056186a02d74234dd0980865a07c217,21
2026-09-23T23-05-26-964Z_checkpoint-history,Ref,,,,,,deploy_rewards,,,constructor,0x60803461,,1246140,1,,0x748f3eef423a29001e508633e407c909b25f0e6a89b560856468f0ac6655c439,21
2026-09-23T23-05-26-964Z_checkpoint-history,Ref,,,,,,deploy_stakeholders,,,constructor,0x60803461,,1679823,1,,0xd4be2e468d589ae7e76ff2c292757707613e73c2a9e8f4c774280b5fd0991072,21
2026-09-23T23-05-26-964Z_checkpoint-history,Ref,,,,,,deploy_governor_Ref,,,constructor,0x61018060,,4434623,1,,0x336045c2263454e2a71947bb0f2aaa8c7df8b8c5c06a2e625d2a43c4cea51743,21
2026-09-23T23-05-26-964Z_checkpoint-history,Ref,,,,,,grant_admin_role,,,grantRole,0x2f2ff15d,,50799,1,,0x9477ec21ceecb8e71e570a8e5c711d060981c6dc53217d4071b2c7d012604374,21
2026-09-23T23-05-26-964Z_checkpoint-history,Ref,,,,,,revoke_deployer_admin_role,,,revokeRole,0xd547741f,,27116,1,,0x4571f6b2b82c72e95dbfd028346a3c95cee362f1cdc4e946338a9d1e56d58c09,21
2026-09-23T23-05-26-964Z_checkpoint-history,Ref,,,5.2-P1,P1,4,delegate_admin,,,,0x5c19a95c,,95559,1,,0xfca7f8e34a7a367a38495092e6c6ae53f6f6bbc6c6cdd047fed83c770b76a8c9,21
2026-09-23T23-05-26-964Z_checkpoint-history,Ref,,,5.2-P1,P1,4,delegate_voter,,,,0x5c19a95c,,48347,1,,0x2f1db724527155bbb87015320f4de9a632dd20bb0d57eddcbd649b18207511a9,21
2026-09-23T23-05-26-964Z_checkpoint-history,Ref,,,5.2-P1,P1,4,transfer_history,1,,,0xa9059cbb,,135960,1,,0xcd152d82bc27809461afc2bcbd0e7c4f3b52da744ad3fb1da8e8f80a407fb0e4,21
2026-09-23T23-05-26-964Z_checkpoint-history,Ref,,,5.2-P1,P1,4,transfer_history,2,,,0xa9059cbb,,104267,1,,0x728f16b35788076b1143fd5688cc333ab2610def6cb8a721cb59ece7f1ba1d44,21
2026-09-23T23-05-26-964Z_checkpoint-history,Ref,,,5.2-P1,P1,4,transfer_history,3,,,0xa9059cbb,,104267,1,,0x0dd824db6364df93dc3914dda9a0d41c82f0e95fcd9f950671d043860e95a820,21
2026-09-23T23-05-26-964Z_checkpoint-history,Ref,,,5.2-P1,P1,4,transfer_history,4,,,0xa9059cbb,,104267,1,,0x592ef02f7717c262d2bbcfd5109fe97aa0d063513e6d7e11b709c2a4bd0446f8,21
2026-09-23T23-05-26-964Z_checkpoint-history,Ref,,,5.2-P1,P1,4,propose,,,propose,0x7d5e81e2,WasteCategoryRegistry.updateCredits,78316,1,,0x240e440b04b626f4e417e6f7b6e63272a2cd83fa533a2e2508e875dbdf09f1bc,21
2026-09-23T23-05-26-964Z_checkpoint-history,Ref,,,5.2-P1,P1,4,vote_measured,1,for,castVote,0x56781388,WasteCategoryRegistry.updateCredits,85448,1,,0xd9f162bbe33561289271ff5ac7b9fa9c6021ff0c8dbffe1d294a1fcb96c860df,21
2026-09-23T23-05-26-964Z_checkpoint-history,Ref,T1,,,,,deploy_token_T1,,,constructor,0x61016060,,1621017,1,,0x8a423d158719dafa7ff4b82bcd6f6a5661f61c993e6aaede0acbe21a849af082,22
2026-09-23T23-05-26-964Z_checkpoint-history,Ref,,,,,,deploy_registry,,,constructor,0x60806040,,4590964,1,,0x9005486642112873086c0faf3a06ce7199e3377186a80eb6eea4235f5e1c6f56,22
2026-09-23T23-05-26-964Z_checkpoint-history,Ref,,,,,,deploy_rewards_registry_for_ctor,,,constructor,0x60806040,,4590964,1,,0x484f4210d177094deb4832deb5e459c708c732becb1881e1d1417503c177d84a,22
2026-09-23T23-05-26-964Z_checkpoint-history,Ref,,,,,,deploy_credit,,,constructor,0x60806040,,931954,1,,0xda6265176213799bfac2d03545eb38f6f6d6d978852db5e040dec6bdc95b6a46,22
2026-09-23T23-05-26-964Z_checkpoint-history,Ref,,,,,,deploy_passport,,,constructor,0x60806040,,2776581,1,,0xe5a36162780b85ac2b217350036da2286056186a02d74234dd0980865a07c217,22
2026-09-23T23-05-26-964Z_checkpoint-history,Ref,,,,,,deploy_rewards,,,constructor,0x60803461,,1246140,1,,0x748f3eef423a29001e508633e407c909b25f0e6a89b560856468f0ac6655c439,22
2026-09-23T23-05-26-964Z_checkpoint-history,Ref,,,,,,deploy_stakeholders,,,constructor,0x60803461,,1679823,1,,0xd4be2e468d589ae7e76ff2c292757707613e73c2a9e8f4c774280b5fd0991072,22
2026-09-23T23-05-26-964Z_checkpoint-history,Ref,,,,,,deploy_governor_Ref,,,constructor,0x61018060,,4434623,1,,0x336045c2263454e2a71947bb0f2aaa8c7df8b8c5c06a2e625d2a43c4cea51743,22
2026-09-23T23-05-26-964Z_checkpoint-history,Ref,,,,,,grant_admin_role,,,grantRole,0x2f2ff15d,,50799,1,,0x9477ec21ceecb8e71e570a8e5c711d060981c6dc53217d4071b2c7d012604374,22
2026-09-23T23-05-26-964Z_checkpoint-history,Ref,,,,,,revoke_deployer_admin_role,,,revokeRole,0xd547741f,,27116,1,,0x4571f6b2b82c72e95dbfd028346a3c95cee362f1cdc4e946338a9d1e56d58c09,22
2026-09-23T23-05-26-964Z_checkpoint-history,Ref,,,5.2-P1,P1,8,delegate_admin,,,,0x5c19a95c,,95559,1,,0xfca7f8e34a7a367a38495092e6c6ae53f6f6bbc6c6cdd047fed83c770b76a8c9,22
2026-09-23T23-05-26-964Z_checkpoint-history,Ref,,,5.2-P1,P1,8,delegate_voter,,,,0x5c19a95c,,48347,1,,0x2f1db724527155bbb87015320f4de9a632dd20bb0d57eddcbd649b18207511a9,22
2026-09-23T23-05-26-964Z_checkpoint-history,Ref,,,5.2-P1,P1,8,transfer_history,1,,,0xa9059cbb,,135960,1,,0x65965228d5261001ec1117b4218b0e3ea436b122dee734ffa0d6937f82d190fa,22
2026-09-23T23-05-26-964Z_checkpoint-history,Ref,,,5.2-P1,P1,8,transfer_history,2,,,0xa9059cbb,,104267,1,,0x8f92d71d86fc0e7b996d284bedaf164ff1681d3ebe65d2d3bdfd090f87a5e336,22
2026-09-23T23-05-26-964Z_checkpoint-history,Ref,,,5.2-P1,P1,8,transfer_history,3,,,0xa9059cbb,,104267,1,,0x4e64c193fd4b3495df58d81a43981723895e4aa38f2517c916d8ddf86c77bcc3,22
2026-09-23T23-05-26-964Z_checkpoint-history,Ref,,,5.2-P1,P1,8,transfer_history,4,,,0xa9059cbb,,104267,1,,0xa5a9d4982770822fcf4a3779a9fa2c5a9ee03d858c94edb204340f3108dddfc1,22
2026-09-23T23-05-26-964Z_checkpoint-history,Ref,,,5.2-P1,P1,8,transfer_history,5,,,0xa9059cbb,,104267,1,,0xa0b4a1487313625c4f8964fd332faa8a743804e383ac06842f8dc2d4bbe62360,22
2026-09-23T23-05-26-964Z_checkpoint-history,Ref,,,5.2-P1,P1,8,transfer_history,6,,,0xa9059cbb,,104267,1,,0xc33ac14dc327b433856b3ace1a85104b16545b3137b1157c195a9c4db4d110c4,22
2026-09-23T23-05-26-964Z_checkpoint-history,Ref,,,5.2-P1,P1,8,transfer_history,7,,,0xa9059cbb,,104267,1,,0x933f7cf29b10f4616db05e8fee1539c129e4cd42468bfbe1133fb57663502e3b,22
2026-09-23T23-05-26-964Z_checkpoint-history,Ref,,,5.2-P1,P1,8,transfer_history,8,,,0xa9059cbb,,104267,1,,0xd8d3fb1fcb01c51e4e62de8f1a1ed1a1df2976119c318b3a7d92906e00394b6a,22
2026-09-23T23-05-26-964Z_checkpoint-history,Ref,,,5.2-P1,P1,8,propose,,,propose,0x7d5e81e2,WasteCategoryRegistry.updateCredits,79157,1,,0x0853432b1cf28a843d51459a56456fae56f916ec798204152c1a5103e3bcb2c8,22
2026-09-23T23-05-26-964Z_checkpoint-history,Ref,,,5.2-P1,P1,8,vote_measured,1,for,castVote,0x56781388,WasteCategoryRegistry.updateCredits,86289,1,,0x6c1923f4daffdd418763d23d7a19b9a7e9ae322c14df2cef8fad21c064c69a91,22
2026-09-23T23-05-26-964Z_checkpoint-history,Ref,T1,,,,,deploy_token_T1,,,constructor,0x61016060,,1621017,1,,0x8a423d158719dafa7ff4b82bcd6f6a5661f61c993e6aaede0acbe21a849af082,23
2026-09-23T23-05-26-964Z_checkpoint-history,Ref,,,,,,deploy_registry,,,constructor,0x60806040,,4590964,1,,0x9005486642112873086c0faf3a06ce7199e3377186a80eb6eea4235f5e1c6f56,23
2026-09-23T23-05-26-964Z_checkpoint-history,Ref,,,,,,deploy_rewards_registry_for_ctor,,,constructor,0x60806040,,4590964,1,,0x484f4210d177094deb4832deb5e459c708c732becb1881e1d1417503c177d84a,23
2026-09-23T23-05-26-964Z_checkpoint-history,Ref,,,,,,deploy_credit,,,constructor,0x60806040,,931954,1,,0xda6265176213799bfac2d03545eb38f6f6d6d978852db5e040dec6bdc95b6a46,23
2026-09-23T23-05-26-964Z_checkpoint-history,Ref,,,,,,deploy_passport,,,constructor,0x60806040,,2776581,1,,0xe5a36162780b85ac2b217350036da2286056186a02d74234dd0980865a07c217,23
2026-09-23T23-05-26-964Z_checkpoint-history,Ref,,,,,,deploy_rewards,,,constructor,0x60803461,,1246140,1,,0x748f3eef423a29001e508633e407c909b25f0e6a89b560856468f0ac6655c439,23
2026-09-23T23-05-26-964Z_checkpoint-history,Ref,,,,,,deploy_stakeholders,,,constructor,0x60803461,,1679823,1,,0xd4be2e468d589ae7e76ff2c292757707613e73c2a9e8f4c774280b5fd0991072,23
2026-09-23T23-05-26-964Z_checkpoint-history,Ref,,,,,,deploy_governor_Ref,,,constructor,0x61018060,,4434623,1,,0x336045c2263454e2a71947bb0f2aaa8c7df8b8c5c06a2e625d2a43c4cea51743,23
2026-09-23T23-05-26-964Z_checkpoint-history,Ref,,,,,,grant_admin_role,,,grantRole,0x2f2ff15d,,50799,1,,0x9477ec21ceecb8e71e570a8e5c711d060981c6dc53217d4071b2c7d012604374,23
2026-09-23T23-05-26-964Z_checkpoint-history,Ref,,,,,,revoke_deployer_admin_role,,,revokeRole,0xd547741f,,27116,1,,0x4571f6b2b82c72e95dbfd028346a3c95cee362f1cdc4e946338a9d1e56d58c09,23
2026-09-23T23-05-26-964Z_checkpoint-history,Ref,,,5.2-P1,P1,16,delegate_admin,,,,0x5c19a95c,,95559,1,,0xfca7f8e34a7a367a38495092e6c6ae53f6f6bbc6c6cdd047fed83c770b76a8c9,23
2026-09-23T23-05-26-964Z_checkpoint-history,Ref,,,5.2-P1,P1,16,delegate_voter,,,,0x5c19a95c,,48347,1,,0x2f1db724527155bbb87015320f4de9a632dd20bb0d57eddcbd649b18207511a9,23
2026-09-23T23-05-26-964Z_checkpoint-history,Ref,,,5.2-P1,P1,16,transfer_history,1,,,0xa9059cbb,,135960,1,,0x94aa27da3b6dcb1c3fa44f8353685485e86b2f075c5c9957e45301b9a91c5ab4,23
2026-09-23T23-05-26-964Z_checkpoint-history,Ref,,,5.2-P1,P1,16,transfer_history,2,,,0xa9059cbb,,104267,1,,0xb520590b9c7900548014a1c6ff2bab54bb572889aafc3b6dd7657af077ace912,23
2026-09-23T23-05-26-964Z_checkpoint-history,Ref,,,5.2-P1,P1,16,transfer_history,3,,,0xa9059cbb,,104267,1,,0xc30e778aa12ec0e52a16502415b0ac44450e5c3eba3d1546145c73b413683174,23
2026-09-23T23-05-26-964Z_checkpoint-history,Ref,,,5.2-P1,P1,16,transfer_history,4,,,0xa9059cbb,,104267,1,,0x02fa6afd7ddc1b28940685652e02d80461285e693c70ded27961fc151d741deb,23
2026-09-23T23-05-26-964Z_checkpoint-history,Ref,,,5.2-P1,P1,16,transfer_history,5,,,0xa9059cbb,,104267,1,,0xb8605820f41cc11dd8b43be1ab8da6801f4051f67798ba7b488d653bbb7fd6e8,23
2026-09-23T23-05-26-964Z_checkpoint-history,Ref,,,5.2-P1,P1,16,transfer_history,6,,,0xa9059cbb,,104267,1,,0x541de52aa2ce4d0ee98afdcc15f84834cf1e1e25db86eb8be10c28273dfbab70,23
2026-09-23T23-05-26-964Z_checkpoint-history,Ref,,,5.2-P1,P1,16,transfer_history,7,,,0xa9059cbb,,104267,1,,0xba4c1e1c5e9c6044d569af914efb4aff71d59b735e5b50b4bebed33822296b44,23
2026-09-23T23-05-26-964Z_checkpoint-history,Ref,,,5.2-P1,P1,16,transfer_history,8,,,0xa9059cbb,,104267,1,,0xe84132a58151dcbaa72043911efdf0ebb815ee9769c16ad3db7b0bebcad75be6,23
2026-09-23T23-05-26-964Z_checkpoint-history,Ref,,,5.2-P1,P1,16,transfer_history,9,,,0xa9059cbb,,104267,1,,0xe22fd32e0f65779a46814862184cb580b49389e5fd7f93b48ca82b91849dd1c9,23
2026-09-23T23-05-26-964Z_checkpoint-history,Ref,,,5.2-P1,P1,16,transfer_history,10,,,0xa9059cbb,,104267,1,,0x10f7e5f16c90b6f963ad43c4910f93ac07ac2286054d4c38f7115642e94d5390,23
2026-09-23T23-05-26-964Z_checkpoint-history,Ref,,,5.2-P1,P1,16,transfer_history,11,,,0xa9059cbb,,104267,1,,0x94dd0ee00a34ede454b893804810fbc1cf7e86bbd6980eca9eebdf4af7ff5b0f,23
2026-09-23T23-05-26-964Z_checkpoint-history,Ref,,,5.2-P1,P1,16,transfer_history,12,,,0xa9059cbb,,104267,1,,0x34d1a58985545919752d1db0aaaaa4d9d373f0ec066f6a0df3013296de052f6e,23
2026-09-23T23-05-26-964Z_checkpoint-history,Ref,,,5.2-P1,P1,16,transfer_history,13,,,0xa9059cbb,,104267,1,,0x6fa55967f5469fc88ecd002401505f9bceccea26b39499426c3676a3c6221bcb,23
2026-09-23T23-05-26-964Z_checkpoint-history,Ref,,,5.2-P1,P1,16,transfer_history,14,,,0xa9059cbb,,104267,1,,0x0d871f2aded2b47db7faef5fb6b7f7beaa689c2d13f7e1b24548640452b10b8b,23
2026-09-23T23-05-26-964Z_checkpoint-history,Ref,,,5.2-P1,P1,16,transfer_history,15,,,0xa9059cbb,,104267,1,,0x708206864bbbf11aa145f2a6e61a35a679c0ebb284fa6474fd53fb061700a194,23
2026-09-23T23-05-26-964Z_checkpoint-history,Ref,,,5.2-P1,P1,16,transfer_history,16,,,0xa9059cbb,,104267,1,,0x89a6dd1a6a28005acf025a4b67231552786ad1ebca93e171f84ee60bc96ecb58,23
2026-09-23T23-05-26-964Z_checkpoint-history,Ref,,,5.2-P1,P1,16,propose,,,propose,0x7d5e81e2,WasteCategoryRegistry.updateCredits,81531,1,,0x6958aa425a3502cdbb381ec01172c7279c19656ce32348d328b6cc0bead674ff,23
2026-09-23T23-05-26-964Z_checkpoint-history,Ref,,,5.2-P1,P1,16,vote_measured,1,for,castVote,0x56781388,WasteCategoryRegistry.updateCredits,88651,1,,0x18d00e592f12ce6178b3d5c05ac45ea65951c29bc513258255c0556cd67ce9a6,23
2026-09-23T23-05-26-964Z_checkpoint-history,Ref,T1,,,,,deploy_token_T1,,,constructor,0x61016060,,1621017,1,,0x8a423d158719dafa7ff4b82bcd6f6a5661f61c993e6aaede0acbe21a849af082,24
2026-09-23T23-05-26-964Z_checkpoint-history,Ref,,,,,,deploy_registry,,,constructor,0x60806040,,4590964,1,,0x9005486642112873086c0faf3a06ce7199e3377186a80eb6eea4235f5e1c6f56,24
2026-09-23T23-05-26-964Z_checkpoint-history,Ref,,,,,,deploy_rewards_registry_for_ctor,,,constructor,0x60806040,,4590964,1,,0x484f4210d177094deb4832deb5e459c708c732becb1881e1d1417503c177d84a,24
2026-09-23T23-05-26-964Z_checkpoint-history,Ref,,,,,,deploy_credit,,,constructor,0x60806040,,931954,1,,0xda6265176213799bfac2d03545eb38f6f6d6d978852db5e040dec6bdc95b6a46,24
2026-09-23T23-05-26-964Z_checkpoint-history,Ref,,,,,,deploy_passport,,,constructor,0x60806040,,2776581,1,,0xe5a36162780b85ac2b217350036da2286056186a02d74234dd0980865a07c217,24
2026-09-23T23-05-26-964Z_checkpoint-history,Ref,,,,,,deploy_rewards,,,constructor,0x60803461,,1246140,1,,0x748f3eef423a29001e508633e407c909b25f0e6a89b560856468f0ac6655c439,24
2026-09-23T23-05-26-964Z_checkpoint-history,Ref,,,,,,deploy_stakeholders,,,constructor,0x60803461,,1679823,1,,0xd4be2e468d589ae7e76ff2c292757707613e73c2a9e8f4c774280b5fd0991072,24
2026-09-23T23-05-26-964Z_checkpoint-history,Ref,,,,,,deploy_governor_Ref,,,constructor,0x61018060,,4434623,1,,0x336045c2263454e2a71947bb0f2aaa8c7df8b8c5c06a2e625d2a43c4cea51743,24
2026-09-23T23-05-26-964Z_checkpoint-history,Ref,,,,,,grant_admin_role,,,grantRole,0x2f2ff15d,,50799,1,,0x9477ec21ceecb8e71e570a8e5c711d060981c6dc53217d4071b2c7d012604374,24
2026-09-23T23-05-26-964Z_checkpoint-history,Ref,,,,,,revoke_deployer_admin_role,,,revokeRole,0xd547741f,,27116,1,,0x4571f6b2b82c72e95dbfd028346a3c95cee362f1cdc4e946338a9d1e56d58c09,24
2026-09-23T23-05-26-964Z_checkpoint-history,Ref,,,5.2-P2,P2,2,delegate_admin,,,,0x5c19a95c,,95559,1,,0xfca7f8e34a7a367a38495092e6c6ae53f6f6bbc6c6cdd047fed83c770b76a8c9,24
2026-09-23T23-05-26-964Z_checkpoint-history,Ref,,,5.2-P2,P2,2,delegate_voter,,,,0x5c19a95c,,48347,1,,0x2f1db724527155bbb87015320f4de9a632dd20bb0d57eddcbd649b18207511a9,24
2026-09-23T23-05-26-964Z_checkpoint-history,Ref,,,5.2-P2,P2,2,propose,,,propose,0x7d5e81e2,WasteCategoryRegistry.updateCredits,75966,1,,0x85fa0c47a4b1b5b425592d4b1896da4ee2d95e4978a7736a4518f7642952eb0b,24
2026-09-23T23-05-26-964Z_checkpoint-history,Ref,,,5.2-P2,P2,2,transfer_pre_activation,1,,,0xa9059cbb,,135960,1,,0x99412233d8a401a32cf9f6e4b75ad58ee979d0331f7ddd22e1b40674085cbf98,24
2026-09-23T23-05-26-964Z_checkpoint-history,Ref,,,5.2-P2,P2,2,transfer_post_activation,1,out,,0xa9059cbb,,104255,1,,0x64186e6273f1d11800af6b937715dbe294692667685b2512545587847e27e20f,24
2026-09-23T23-05-26-964Z_checkpoint-history,Ref,,,5.2-P2,P2,2,vote_measured,1,for,castVote,0x56781388,WasteCategoryRegistry.updateCredits,85363,1,,0xb0a8cc77cde2db0bfdc2745f6ef615ced55b608c730d8bac6a300cfe9c558aa2,24
2026-09-23T23-05-26-964Z_checkpoint-history,Ref,T1,,,,,deploy_token_T1,,,constructor,0x61016060,,1621017,1,,0x8a423d158719dafa7ff4b82bcd6f6a5661f61c993e6aaede0acbe21a849af082,25
2026-09-23T23-05-26-964Z_checkpoint-history,Ref,,,,,,deploy_registry,,,constructor,0x60806040,,4590964,1,,0x9005486642112873086c0faf3a06ce7199e3377186a80eb6eea4235f5e1c6f56,25
2026-09-23T23-05-26-964Z_checkpoint-history,Ref,,,,,,deploy_rewards_registry_for_ctor,,,constructor,0x60806040,,4590964,1,,0x484f4210d177094deb4832deb5e459c708c732becb1881e1d1417503c177d84a,25
2026-09-23T23-05-26-964Z_checkpoint-history,Ref,,,,,,deploy_credit,,,constructor,0x60806040,,931954,1,,0xda6265176213799bfac2d03545eb38f6f6d6d978852db5e040dec6bdc95b6a46,25
2026-09-23T23-05-26-964Z_checkpoint-history,Ref,,,,,,deploy_passport,,,constructor,0x60806040,,2776581,1,,0xe5a36162780b85ac2b217350036da2286056186a02d74234dd0980865a07c217,25
2026-09-23T23-05-26-964Z_checkpoint-history,Ref,,,,,,deploy_rewards,,,constructor,0x60803461,,1246140,1,,0x748f3eef423a29001e508633e407c909b25f0e6a89b560856468f0ac6655c439,25
2026-09-23T23-05-26-964Z_checkpoint-history,Ref,,,,,,deploy_stakeholders,,,constructor,0x60803461,,1679823,1,,0xd4be2e468d589ae7e76ff2c292757707613e73c2a9e8f4c774280b5fd0991072,25
2026-09-23T23-05-26-964Z_checkpoint-history,Ref,,,,,,deploy_governor_Ref,,,constructor,0x61018060,,4434623,1,,0x336045c2263454e2a71947bb0f2aaa8c7df8b8c5c06a2e625d2a43c4cea51743,25
2026-09-23T23-05-26-964Z_checkpoint-history,Ref,,,,,,grant_admin_role,,,grantRole,0x2f2ff15d,,50799,1,,0x9477ec21ceecb8e71e570a8e5c711d060981c6dc53217d4071b2c7d012604374,25
2026-09-23T23-05-26-964Z_checkpoint-history,Ref,,,,,,revoke_deployer_admin_role,,,revokeRole,0xd547741f,,27116,1,,0x4571f6b2b82c72e95dbfd028346a3c95cee362f1cdc4e946338a9d1e56d58c09,25
2026-09-23T23-05-26-964Z_checkpoint-history,Ref,,,5.2-P2,P2,4,delegate_admin,,,,0x5c19a95c,,95559,1,,0xfca7f8e34a7a367a38495092e6c6ae53f6f6bbc6c6cdd047fed83c770b76a8c9,25
2026-09-23T23-05-26-964Z_checkpoint-history,Ref,,,5.2-P2,P2,4,delegate_voter,,,,0x5c19a95c,,48347,1,,0x2f1db724527155bbb87015320f4de9a632dd20bb0d57eddcbd649b18207511a9,25
2026-09-23T23-05-26-964Z_checkpoint-history,Ref,,,5.2-P2,P2,4,propose,,,propose,0x7d5e81e2,WasteCategoryRegistry.updateCredits,75966,1,,0x65c649d267f5eb71493e0643284a84330116a8f8744d7e9f2d4aa3050b8f9cd1,25
2026-09-23T23-05-26-964Z_checkpoint-history,Ref,,,5.2-P2,P2,4,transfer_pre_activation,1,,,0xa9059cbb,,135960,1,,0x14bc3627391ab7936bcaf2f6b45cf9503ad5ed5cf30a2d858445341c0336ffc6,25
2026-09-23T23-05-26-964Z_checkpoint-history,Ref,,,5.2-P2,P2,4,transfer_pre_activation,2,,,0xa9059cbb,,104267,1,,0x4fc80531b724e6907310ee6cf4708b36eb011050ffcb85f0acb40d244d5d46fb,25
2026-09-23T23-05-26-964Z_checkpoint-history,Ref,,,5.2-P2,P2,4,transfer_post_activation,1,out,,0xa9059cbb,,104255,1,,0xb901c1847300464b42f510aef3bd1dc2c2b6e6e0d63ccad7436d6366f9a9be29,25
2026-09-23T23-05-26-964Z_checkpoint-history,Ref,,,5.2-P2,P2,4,transfer_post_activation,2,in,,0xa9059cbb,,104255,1,,0x5fa080c8f023152f453b57aa4241200a0f04466797a928c3ac6fd796490d184c,25
2026-09-23T23-05-26-964Z_checkpoint-history,Ref,,,5.2-P2,P2,4,vote_measured,1,for,castVote,0x56781388,WasteCategoryRegistry.updateCredits,85375,1,,0x11e63b7c03db4701c7af80844d653b6716fa6eed42a9cb28fac6ecb103bf2fc4,25
2026-09-23T23-05-26-964Z_checkpoint-history,Ref,T1,,,,,deploy_token_T1,,,constructor,0x61016060,,1621017,1,,0x8a423d158719dafa7ff4b82bcd6f6a5661f61c993e6aaede0acbe21a849af082,26
2026-09-23T23-05-26-964Z_checkpoint-history,Ref,,,,,,deploy_registry,,,constructor,0x60806040,,4590964,1,,0x9005486642112873086c0faf3a06ce7199e3377186a80eb6eea4235f5e1c6f56,26
2026-09-23T23-05-26-964Z_checkpoint-history,Ref,,,,,,deploy_rewards_registry_for_ctor,,,constructor,0x60806040,,4590964,1,,0x484f4210d177094deb4832deb5e459c708c732becb1881e1d1417503c177d84a,26
2026-09-23T23-05-26-964Z_checkpoint-history,Ref,,,,,,deploy_credit,,,constructor,0x60806040,,931954,1,,0xda6265176213799bfac2d03545eb38f6f6d6d978852db5e040dec6bdc95b6a46,26
2026-09-23T23-05-26-964Z_checkpoint-history,Ref,,,,,,deploy_passport,,,constructor,0x60806040,,2776581,1,,0xe5a36162780b85ac2b217350036da2286056186a02d74234dd0980865a07c217,26
2026-09-23T23-05-26-964Z_checkpoint-history,Ref,,,,,,deploy_rewards,,,constructor,0x60803461,,1246140,1,,0x748f3eef423a29001e508633e407c909b25f0e6a89b560856468f0ac6655c439,26
2026-09-23T23-05-26-964Z_checkpoint-history,Ref,,,,,,deploy_stakeholders,,,constructor,0x60803461,,1679823,1,,0xd4be2e468d589ae7e76ff2c292757707613e73c2a9e8f4c774280b5fd0991072,26
2026-09-23T23-05-26-964Z_checkpoint-history,Ref,,,,,,deploy_governor_Ref,,,constructor,0x61018060,,4434623,1,,0x336045c2263454e2a71947bb0f2aaa8c7df8b8c5c06a2e625d2a43c4cea51743,26
2026-09-23T23-05-26-964Z_checkpoint-history,Ref,,,,,,grant_admin_role,,,grantRole,0x2f2ff15d,,50799,1,,0x9477ec21ceecb8e71e570a8e5c711d060981c6dc53217d4071b2c7d012604374,26
2026-09-23T23-05-26-964Z_checkpoint-history,Ref,,,,,,revoke_deployer_admin_role,,,revokeRole,0xd547741f,,27116,1,,0x4571f6b2b82c72e95dbfd028346a3c95cee362f1cdc4e946338a9d1e56d58c09,26
2026-09-23T23-05-26-964Z_checkpoint-history,Ref,,,5.2-P2,P2,8,delegate_admin,,,,0x5c19a95c,,95559,1,,0xfca7f8e34a7a367a38495092e6c6ae53f6f6bbc6c6cdd047fed83c770b76a8c9,26
2026-09-23T23-05-26-964Z_checkpoint-history,Ref,,,5.2-P2,P2,8,delegate_voter,,,,0x5c19a95c,,48347,1,,0x2f1db724527155bbb87015320f4de9a632dd20bb0d57eddcbd649b18207511a9,26
2026-09-23T23-05-26-964Z_checkpoint-history,Ref,,,5.2-P2,P2,8,propose,,,propose,0x7d5e81e2,WasteCategoryRegistry.updateCredits,75966,1,,0xe8bc1d6c308aafe537ea352d13e721501ab63421c66a27dd5d505657e953fedb,26
2026-09-23T23-05-26-964Z_checkpoint-history,Ref,,,5.2-P2,P2,8,transfer_pre_activation,1,,,0xa9059cbb,,135960,1,,0xc789df4f3ac93df0acd5078cd3fdc638a4e4005fdc529aeffc85ad307c3ad6c8,26
2026-09-23T23-05-26-964Z_checkpoint-history,Ref,,,5.2-P2,P2,8,transfer_pre_activation,2,,,0xa9059cbb,,104267,1,,0x755b88a5e57473ccc6512840f2eedef62d741bf37fdbb8b3c198efa028bd4b1a,26
2026-09-23T23-05-26-964Z_checkpoint-history,Ref,,,5.2-P2,P2,8,transfer_pre_activation,3,,,0xa9059cbb,,104267,1,,0x2244659dba8b627e3def369155227e62ad1cb7326556486ecacf085aa7cdb5ff,26
2026-09-23T23-05-26-964Z_checkpoint-history,Ref,,,5.2-P2,P2,8,transfer_pre_activation,4,,,0xa9059cbb,,104267,1,,0x478c6d4eebd7309001e1b1c8772edc8f8fc7cd16ce3f6671a552c873be8f3810,26
2026-09-23T23-05-26-964Z_checkpoint-history,Ref,,,5.2-P2,P2,8,transfer_post_activation,1,out,,0xa9059cbb,,104255,1,,0xfefbf69b2f0a5fdc7a3b1247569841875f2e18b547813619dd4fa22eda825e8a,26
2026-09-23T23-05-26-964Z_checkpoint-history,Ref,,,5.2-P2,P2,8,transfer_post_activation,2,in,,0xa9059cbb,,104255,1,,0x79ab108950ec71940ba3145b7b0d5e4df2b9b61f8a55c19171a3a12f853383a8,26
2026-09-23T23-05-26-964Z_checkpoint-history,Ref,,,5.2-P2,P2,8,transfer_post_activation,3,out,,0xa9059cbb,,104255,1,,0xbe8ee197203db588fe864668726066204ddf7a2ea0cdd66e208885ec764b401a,26
2026-09-23T23-05-26-964Z_checkpoint-history,Ref,,,5.2-P2,P2,8,transfer_post_activation,4,in,,0xa9059cbb,,104255,1,,0xf45717eded5e838c64ee7f3f45eac5814f24e482535dcb135232ffb2fc888c33,26
2026-09-23T23-05-26-964Z_checkpoint-history,Ref,,,5.2-P2,P2,8,vote_measured,1,for,castVote,0x56781388,WasteCategoryRegistry.updateCredits,90775,1,,0xc08cee9b9df2002a2e15110f7f0baaf79e595b78a2b6414d5473993744e6e156,26
2026-09-23T23-05-26-964Z_checkpoint-history,Ref,T1,,,,,deploy_token_T1,,,constructor,0x61016060,,1621017,1,,0x8a423d158719dafa7ff4b82bcd6f6a5661f61c993e6aaede0acbe21a849af082,27
2026-09-23T23-05-26-964Z_checkpoint-history,Ref,,,,,,deploy_registry,,,constructor,0x60806040,,4590964,1,,0x9005486642112873086c0faf3a06ce7199e3377186a80eb6eea4235f5e1c6f56,27
2026-09-23T23-05-26-964Z_checkpoint-history,Ref,,,,,,deploy_rewards_registry_for_ctor,,,constructor,0x60806040,,4590964,1,,0x484f4210d177094deb4832deb5e459c708c732becb1881e1d1417503c177d84a,27
2026-09-23T23-05-26-964Z_checkpoint-history,Ref,,,,,,deploy_credit,,,constructor,0x60806040,,931954,1,,0xda6265176213799bfac2d03545eb38f6f6d6d978852db5e040dec6bdc95b6a46,27
2026-09-23T23-05-26-964Z_checkpoint-history,Ref,,,,,,deploy_passport,,,constructor,0x60806040,,2776581,1,,0xe5a36162780b85ac2b217350036da2286056186a02d74234dd0980865a07c217,27
2026-09-23T23-05-26-964Z_checkpoint-history,Ref,,,,,,deploy_rewards,,,constructor,0x60803461,,1246140,1,,0x748f3eef423a29001e508633e407c909b25f0e6a89b560856468f0ac6655c439,27
2026-09-23T23-05-26-964Z_checkpoint-history,Ref,,,,,,deploy_stakeholders,,,constructor,0x60803461,,1679823,1,,0xd4be2e468d589ae7e76ff2c292757707613e73c2a9e8f4c774280b5fd0991072,27
2026-09-23T23-05-26-964Z_checkpoint-history,Ref,,,,,,deploy_governor_Ref,,,constructor,0x61018060,,4434623,1,,0x336045c2263454e2a71947bb0f2aaa8c7df8b8c5c06a2e625d2a43c4cea51743,27
2026-09-23T23-05-26-964Z_checkpoint-history,Ref,,,,,,grant_admin_role,,,grantRole,0x2f2ff15d,,50799,1,,0x9477ec21ceecb8e71e570a8e5c711d060981c6dc53217d4071b2c7d012604374,27
2026-09-23T23-05-26-964Z_checkpoint-history,Ref,,,,,,revoke_deployer_admin_role,,,revokeRole,0xd547741f,,27116,1,,0x4571f6b2b82c72e95dbfd028346a3c95cee362f1cdc4e946338a9d1e56d58c09,27
2026-09-23T23-05-26-964Z_checkpoint-history,Ref,,,5.2-P2,P2,16,delegate_admin,,,,0x5c19a95c,,95559,1,,0xfca7f8e34a7a367a38495092e6c6ae53f6f6bbc6c6cdd047fed83c770b76a8c9,27
2026-09-23T23-05-26-964Z_checkpoint-history,Ref,,,5.2-P2,P2,16,delegate_voter,,,,0x5c19a95c,,48347,1,,0x2f1db724527155bbb87015320f4de9a632dd20bb0d57eddcbd649b18207511a9,27
2026-09-23T23-05-26-964Z_checkpoint-history,Ref,,,5.2-P2,P2,16,propose,,,propose,0x7d5e81e2,WasteCategoryRegistry.updateCredits,75978,1,,0xd298a34524f420c79f38d062eb3dd2c91c5fdbc06a7997f0ceafc0bb12fb795b,27
2026-09-23T23-05-26-964Z_checkpoint-history,Ref,,,5.2-P2,P2,16,transfer_pre_activation,1,,,0xa9059cbb,,135960,1,,0x2e560ee10bca5ee446a39f3d8645f6174e2d7488e70f08935041bdd10076535b,27
2026-09-23T23-05-26-964Z_checkpoint-history,Ref,,,5.2-P2,P2,16,transfer_pre_activation,2,,,0xa9059cbb,,104267,1,,0x00f47edaa056faf0f915358af61f739ef6d9e5d6f80f64a8d7eea1f63db57af5,27
2026-09-23T23-05-26-964Z_checkpoint-history,Ref,,,5.2-P2,P2,16,transfer_pre_activation,3,,,0xa9059cbb,,104267,1,,0x99be727aff5d420753288d91fb5cc2d6dd9c84e2297c0494aa7ec19c58b5ed9b,27
2026-09-23T23-05-26-964Z_checkpoint-history,Ref,,,5.2-P2,P2,16,transfer_pre_activation,4,,,0xa9059cbb,,104267,1,,0xf7165812cc0a0774ea0b901428467fd0895cd6abec03d233925c3fed2a11d29e,27
2026-09-23T23-05-26-964Z_checkpoint-history,Ref,,,5.2-P2,P2,16,transfer_pre_activation,5,,,0xa9059cbb,,104267,1,,0x3f8cf4ea5869b65f4e9033bac8e1041214b98a1524760fc69d7bb341c5bc75ac,27
2026-09-23T23-05-26-964Z_checkpoint-history,Ref,,,5.2-P2,P2,16,transfer_pre_activation,6,,,0xa9059cbb,,104267,1,,0x35b8f7a5f8ed97472c412d4fefe40d320499c637cae26ada7b390cd2827d8128,27
2026-09-23T23-05-26-964Z_checkpoint-history,Ref,,,5.2-P2,P2,16,transfer_pre_activation,7,,,0xa9059cbb,,104267,1,,0xa38883de9cb1f289f8b43932c1c2f3ff09de461ef94c218fee51d9358bba5319,27
2026-09-23T23-05-26-964Z_checkpoint-history,Ref,,,5.2-P2,P2,16,transfer_pre_activation,8,,,0xa9059cbb,,104267,1,,0xde048118c56dcc08708bc155828001f893c77454429aad65b3a26dd7b45353ef,27
2026-09-23T23-05-26-964Z_checkpoint-history,Ref,,,5.2-P2,P2,16,transfer_post_activation,1,out,,0xa9059cbb,,104255,1,,0x6c86561074a1fc1875b6c4362260b661733604fd72b1f6c290fb51e35bc5cfc3,27
2026-09-23T23-05-26-964Z_checkpoint-history,Ref,,,5.2-P2,P2,16,transfer_post_activation,2,in,,0xa9059cbb,,104255,1,,0x5f60e6f465355f144fef4e592b46504ba4afbf50726e0fd4a6466c5d7a6bdd2d,27
2026-09-23T23-05-26-964Z_checkpoint-history,Ref,,,5.2-P2,P2,16,transfer_post_activation,3,out,,0xa9059cbb,,104255,1,,0x6584fae83efb91b5cfe0ff6039b208704b1a094c0d8f7941bd2c2bfeb3ddc0e5,27
2026-09-23T23-05-26-964Z_checkpoint-history,Ref,,,5.2-P2,P2,16,transfer_post_activation,4,in,,0xa9059cbb,,104255,1,,0xef4f6e201462a0c8803d9864e06797a2425120d3e53a0f74ef346d0e71e35249,27
2026-09-23T23-05-26-964Z_checkpoint-history,Ref,,,5.2-P2,P2,16,transfer_post_activation,5,out,,0xa9059cbb,,104255,1,,0x5757440b083f0babe9ce56ec3ccfa508e107da11488a19592e14fec18d479e60,27
2026-09-23T23-05-26-964Z_checkpoint-history,Ref,,,5.2-P2,P2,16,transfer_post_activation,6,in,,0xa9059cbb,,104255,1,,0x7ba48f8b2ee10406c881d48f5e139957d019b429e40392d998609726b0345dfa,27
2026-09-23T23-05-26-964Z_checkpoint-history,Ref,,,5.2-P2,P2,16,transfer_post_activation,7,out,,0xa9059cbb,,104255,1,,0x11c0c01a80b208a633bc01ecf517090928cea5f5a3d158ca1e549ad276101f31,27
2026-09-23T23-05-26-964Z_checkpoint-history,Ref,,,5.2-P2,P2,16,transfer_post_activation,8,in,,0xa9059cbb,,104255,1,,0xf1e3bce0244a55cb4b27d6a6da967c76e482eca5f3c57bd8921ea40dbb574bac,27
2026-09-23T23-05-26-964Z_checkpoint-history,Ref,,,5.2-P2,P2,16,vote_measured,1,for,castVote,0x56781388,WasteCategoryRegistry.updateCredits,93125,1,,0x14bf3ac4e6216772d9ff436beb7b1a8c015cb154b6435e7ce601d8cc0d2e1d95,27