execucao,variante,token,N,condicao,posicao,k,etapa,ordem,direcao,funcao,seletor,operacao_governada,gas,status,motivo_reversao,tx_hash
2026-09-23T22-10-36-390Z_checkpoint-history,V1,T1,,,,,deploy_token_T1,,,constructor,0x61016060,,1621017,1,,0x8a423d158719dafa7ff4b82bcd6f6a5661f61c993e6aaede0acbe21a849af082
2026-09-23T22-10-36-390Z_checkpoint-history,V1,,,,,,deploy_registry,,,constructor,0x60806040,,4590964,1,,0x9005486642112873086c0faf3a06ce7199e3377186a80eb6eea4235f5e1c6f56
2026-09-23T22-10-36-390Z_checkpoint-history,V1,,,,,,deploy_governor_V1,,,constructor,0x6101c080,,2141155,1,,0xe78fdee398cee13d5902695984b018a65d45bf0fbb03613be8e3d1a5fb0f5bf7
2026-09-23T22-10-36-390Z_checkpoint-history,V1,,,,,,grant_admin_role,,,grantRole,0x2f2ff15d,,50799,1,,0xfdc9a3875129e16eb4a0e6527cfb2e5662449c13660398cf3b7c723db6d0e009
2026-09-23T22-10-36-390Z_checkpoint-history,V1,,,,,,revoke_deployer_admin_role,,,revokeRole,0xd547741f,,27116,1,,0xc189311656167d1c4c211ee1c4f5143a8df64ff72cb449ebf7ec77ff2fd0bcbb
2026-09-23T22-10-36-390Z_checkpoint-history,V1,,,5.2-P1,P1,1,delegate_admin,,,,0x5c19a95c,,95559,1,,0xd4695df7ceba86e36d8d32ccf756640823a0c1b729cf20e3a0b632c08e38ee6a
2026-09-23T22-10-36-390Z_checkpoint-history,V1,,,5.2-P1,P1,1,delegate_voter,,,,0x5c19a95c,,48347,1,,0x81d5bf8e96fad9ce8b5230dc73abbeb313b25fcb2932728690f357e6b4e905b9
2026-09-23T22-10-36-390Z_checkpoint-history,V1,,,5.2-P1,P1,1,transfer_history,1,,,0xa9059cbb,,135960,1,,0xe01fb086ec8d5ccdd199466999a6a1511c14b8dfc1a2cec9d7a746f64c367c4d
2026-09-23T22-10-36-390Z_checkpoint-history,V1,,,5.2-P1,P1,1,propose,,,propose,0x7d5e81e2,WasteCategoryRegistry.updateCredits,63291,1,,0x0c6244e7ffeb372b6ad10babb1cc55d725663ee6cd06bcd98ea639abbf1795ef
2026-09-23T22-10-36-390Z_checkpoint-history,V1,,,5.2-P1,P1,1,vote_measured,1,for,castVote,0x56781388,WasteCategoryRegistry.updateCredits,82456,1,,0xa20737068836c0782764e06559ca916e533850ef0dd0a61f149b50d278f607a0
2026-09-23T22-10-36-390Z_checkpoint-history,V1,T1,,,,,deploy_token_T1,,,constructor,0x61016060,,1621017,1,,0x8a423d158719dafa7ff4b82bcd6f6a5661f61c993e6aaede0acbe21a849af082
2026-09-23T22-10-36-390Z_checkpoint-history,V1,,,,,,deploy_registry,,,constructor,0x60806040,,4590964,1,,0x9005486642112873086c0faf3a06ce7199e3377186a80eb6eea4235f5e1c6f56
2026-09-23T22-10-36-390Z_checkpoint-history,V1,,,,,,deploy_governor_V1,,,constructor,0x6101c080,,2141155,1,,0xe78fdee398cee13d5902695984b018a65d45bf0fbb03613be8e3d1a5fb0f5bf7
2026-09-23T22-10-36-390Z_checkpoint-history,V1,,,,,,grant_admin_role,,,grantRole,0x2f2ff15d,,50799,1,,0xfdc9a3875129e16eb4a0e6527cfb2e5662449c13660398cf3b7c723db6d0e009
2026-09-23T22-10-36-390Z_checkpoint-history,V1,,,,,,revoke_deployer_admin_role,,,revokeRole,0xd547741f,,27116,1,,0xc189311656167d1c4c211ee1c4f5143a8df64ff72cb449ebf7ec77ff2fd0bcbb
2026-09-23T22-10-36-390Z_checkpoint-history,V1,,,5.2-P1,P1,2,delegate_admin,,,,0x5c19a95c,,95559,1,,0xd4695df7ceba86e36d8d32ccf756640823a0c1b729cf20e3a0b632c08e38ee6a
2026-09-23T22-10-36-390Z_checkpoint-history,V1,,,5.2-P1,P1,2,delegate_voter,,,,0x5c19a95c,,48347,1,,0x81d5bf8e96fad9ce8b5230dc73abbeb313b25fcb2932728690f357e6b4e905b9
2026-09-23T22-10-36-390Z_checkpoint-history,V1,,,5.2-P1,P1,2,transfer_history,1,,,0xa9059cbb,,135960,1,,0xed0c3493002d6d8534be4ba08be604d54af961b64a426ff5c0bbb422908ccec0
2026-09-23T22-10-36-390Z_checkpoint-history,V1,,,5.2-P1,P1,2,transfer_history,2,,,0xa9059cbb,,104267,1,,0xc4bdbf880df0a3c0af3353047740659b618560334eec3dcd8939b4f65da44ff8
2026-09-23T22-10-36-390Z_checkpoint-history,V1,,,5.2-P1,P1,2,propose,,,propose,0x7d5e81e2,WasteCategoryRegistry.updateCredits,63291,1,,0x747eeb41babc86b7d70fe5e94a242b080069d2758a809316dcd61a56791dad8a
2026-09-23T22-10-36-390Z_checkpoint-history,V1,,,5.2-P1,P1,2,vote_measured,1,for,castVote,0x56781388,WasteCategoryRegistry.updateCredits,82468,1,,0x54e55bc5f348fdfd7fff65cc10f5e097619c7e3585d24a26989e54c5323519ff
2026-09-23T22-10-36-390Z_checkpoint-history,V1,T1,,,,,deploy_token_T1,,,constructor,0x61016060,,1621017,1,,0x8a423d158719dafa7ff4b82bcd6f6a5661f61c993e6aaede0acbe21a849af082
2026-09-23T22-10-36-390Z_checkpoint-history,V1,,,,,,deploy_registry,,,constructor,0x60806040,,4590964,1,,0x9005486642112873086c0faf3a06ce7199e3377186a80eb6eea4235f5e1c6f56
2026-09-23T22-10-36-390Z_checkpoint-history,V1,,,,,,deploy_governor_V1,,,constructor,0x6101c080,,2141155,1,,0xe78fdee398cee13d5902695984b018a65d45bf0fbb03613be8e3d1a5fb0f5bf7
2026-09-23T22-10-36-390Z_checkpoint-history,V1,,,,,,grant_admin_role,,,grantRole,0x2f2ff15d,,50799,1,,0xfdc9a3875129e16eb4a0e6527cfb2e5662449c13660398cf3b7c723db6d0e009
2026-09-23T22-10-36-390Z_checkpoint-history,V1,,,,,,revoke_deployer_admin_role,,,revokeRole,0xd547741f,,27116,1,,0xc189311656167d1c4c211ee1c4f5143a8df64ff72cb449ebf7ec77ff2fd0bcbb
2026-09-23T22-10-36-390Z_checkpoint-history,V1,,,5.2-P1,P1,4,delegate_admin,,,,0x5c19a95c,,95559,1,,0xd4695df7ceba86e36d8d32ccf756640823a0c1b729cf20e3a0b632c08e38ee6a
2026-09-23T22-10-36-390Z_checkpoint-history,V1,,,5.2-P1,P1,4,delegate_voter,,,,0x5c19a95c,,48347,1,,0x81d5bf8e96fad9ce8b5230dc73abbeb313b25fcb2932728690f357e6b4e905b9
2026-09-23T22-10-36-390Z_checkpoint-history,V1,,,5.2-P1,P1,4,transfer_history,1,,,0xa9059cbb,,135960,1,,0xceafda17900dcf75987321345fbf9dcea7465f2d7428aea66f79e0da4671869a
2026-09-23T22-10-36-390Z_checkpoint-history,V1,,,5.2-P1,P1,4,transfer_history,2,,,0xa9059cbb,,104267,1,,0x96f577345aa3a019871a3a2b1f3b7afc9b52bc8b4e63cd678937634856b816b4
2026-09-23T22-10-36-390Z_checkpoint-history,V1,,,5.2-P1,P1,4,transfer_history,3,,,0xa9059cbb,,104267,1,,0x3a5b3c7d751c4bfda4062813122175b2a3735d9bfba4b91b581189c7830c8b18
2026-09-23T22-10-36-390Z_checkpoint-history,V1,,,5.2-P1,P1,4,transfer_history,4,,,0xa9059cbb,,104267,1,,0xa03de26513ded0cab9becf0e2e90df64871968a371fa96da41823738034c48cb
2026-09-23T22-10-36-390Z_checkpoint-history,V1,,,5.2-P1,P1,4,propose,,,propose,0x7d5e81e2,WasteCategoryRegistry.updateCredits,63291,1,,0x293c5fe27031c617837c1b421ed7d06182498a6c25f3b4df1ad6d74c5122d5ed
2026-09-23T22-10-36-390Z_checkpoint-history,V1,,,5.2-P1,P1,4,vote_measured,1,for,castVote,0x56781388,WasteCategoryRegistry.updateCredits,84818,1,,0xb75af4ffb4935b9abd69d496a85aa2d3fbdd79337ea7a0910b0303c175d1be29
2026-09-23T22-10-36-390Z_checkpoint-history,V1,T1,,,,,deploy_token_T1,,,constructor,0x61016060,,1621017,1,,0x8a423d158719dafa7ff4b82bcd6f6a5661f61c993e6aaede0acbe21a849af082
2026-09-23T22-10-36-390Z_checkpoint-history,V1,,,,,,deploy_registry,,,constructor,0x60806040,,4590964,1,,0x9005486642112873086c0faf3a06ce7199e3377186a80eb6eea4235f5e1c6f56
2026-09-23T22-10-36-390Z_checkpoint-history,V1,,,,,,deploy_governor_V1,,,constructor,0x6101c080,,2141155,1,,0xe78fdee398cee13d5902695984b018a65d45bf0fbb03613be8e3d1a5fb0f5bf7
2026-09-23T22-10-36-390Z_checkpoint-history,V1,,,,,,grant_admin_role,,,grantRole,0x2f2ff15d,,50799,1,,0xfdc9a3875129e16eb4a0e6527cfb2e5662449c13660398cf3b7c723db6d0e009
2026-09-23T22-10-36-390Z_checkpoint-history,V1,,,,,,revoke_deployer_admin_role,,,revokeRole,0xd547741f,,27116,1,,0xc189311656167d1c4c211ee1c4f5143a8df64ff72cb449ebf7ec77ff2fd0bcbb
2026-09-23T22-10-36-390Z_checkpoint-history,V1,,,5.2-P1,P1,8,delegate_admin,,,,0x5c19a95c,,95559,1,,0xd4695df7ceba86e36d8d32ccf756640823a0c1b729cf20e3a0b632c08e38ee6a
2026-09-23T22-10-36-390Z_checkpoint-history,V1,,,5.2-P1,P1,8,delegate_voter,,,,0x5c19a95c,,48347,1,,0x81d5bf8e96fad9ce8b5230dc73abbeb313b25fcb2932728690f357e6b4e905b9
2026-09-23T22-10-36-390Z_checkpoint-history,V1,,,5.2-P1,P1,8,transfer_history,1,,,0xa9059cbb,,135960,1,,0xddc0ce0882308e5d9a214b609c89e1339cecb0668f39996db6aee3d674b86863
2026-09-23T22-10-36-390Z_checkpoint-history,V1,,,5.2-P1,P1,8,transfer_history,2,,,0xa9059cbb,,104267,1,,0x41f1d0268402abb3ee1d4cc56a7e55a9c88f6c6cef90b4265014fcaecbb5d5aa
2026-09-23T22-10-36-390Z_checkpoint-history,V1,,,5.2-P1,P1,8,transfer_history,3,,,0xa9059cbb,,104267,1,,0x25edec3081864b4e6d790f7f332ee4f57c643ff0dff542f2d7c2f0ccbc2cda7f
2026-09-23T22-10-36-390Z_checkpoint-history,V1,,,5.2-P1,P1,8,transfer_history,4,,,0xa9059cbb,,104267,1,,0x1d43579cd60fd96177f2a433ab2f64d344e7bf199eb1aeb466ab91f816a579a1
2026-09-23T22-10-36-390Z_checkpoint-history,V1,,,5.2-P1,P1,8,transfer_history,5,,,0xa9059cbb,,104267,1,,0x40a3faeb3f135aff70310e823b6d28c216905f5152cc6a76a68e6da9e8d8358f
2026-09-23T22-10-36-390Z_checkpoint-history,V1,,,5.2-P1,P1,8,transfer_history,6,,,0xa9059cbb,,104267,1,,0xc111290c4f5a57df8dbdf8f0a4d12a06c461d84856bdececd9db41190168d38a
2026-09-23T22-10-36-390Z_checkpoint-history,V1,,,5.2-P1,P1,8,transfer_history,7,,,0xa9059cbb,,104267,1,,0xb6da27ab3af672ee52b7ffc7078a9cfc88e525504a3c8f314105b9bb427cf037
2026-09-23T22-10-36-390Z_checkpoint-history,V1,,,5.2-P1,P1,8,transfer_history,8,,,0xa9059cbb,,104267,1,,0x7e287555a0ab33e2952ddb33891c5c0d9c78dab38ad954a6135168e65ef2d3b9
2026-09-23T22-10-36-390Z_checkpoint-history,V1,,,5.2-P1,P1,8,propose,,,propose,0x7d5e81e2,WasteCategoryRegistry.updateCredits,63291,1,,0x0a9d00f5dc81a60fc9943bd094e9ce391301bc8af0750efa0ad7cbd5dc564d57
2026-09-23T22-10-36-390Z_checkpoint-history,V1,,,5.2-P1,P1,8,vote_measured,1,for,castVote,0x56781388,WasteCategoryRegistry.updateCredits,85659,1,,0x3ffbec9b6e3c9ed25b881ddd442d721f34b8860eb87370282f6b9ce71f76224d
2026-09-23T22-10-36-390Z_checkpoint-history,V1,T1,,,,,deploy_token_T1,,,constructor,0x61016060,,1621017,1,,0x8a423d158719dafa7ff4b82bcd6f6a5661f61c993e6aaede0acbe21a849af082
2026-09-23T22-10-36-390Z_checkpoint-history,V1,,,,,,deploy_registry,,,constructor,0x60806040,,4590964,1,,0x9005486642112873086c0faf3a06ce7199e3377186a80eb6eea4235f5e1c6f56
2026-09-23T22-10-36-390Z_checkpoint-history,V1,,,,,,deploy_governor_V1,,,constructor,0x6101c080,,2141155,1,,0xe78fdee398cee13d5902695984b018a65d45bf0fbb03613be8e3d1a5fb0f5bf7
2026-09-23T22-10-36-390Z_checkpoint-history,V1,,,,,,grant_admin_role,,,grantRole,0x2f2ff15d,,50799,1,,0xfdc9a3875129e16eb4a0e6527cfb2e5662449c13660398cf3b7c723db6d0e009
2026-09-23T22-10-36-390Z_checkpoint-history,V1,,,,,,revoke_deployer_admin_role,,,revokeRole,0xd547741f,,27116,1,,0xc189311656167d1c4c211ee1c4f5143a8df64ff72cb449ebf7ec77ff2fd0bcbb
2026-09-23T22-10-36-390Z_checkpoint-history,V1,,,5.2-P1,P1,16,delegate_admin,,,,0x5c19a95c,,95559,1,,0xd4695df7ceba86e36d8d32ccf756640823a0c1b729cf20e3a0b632c08e38ee6a
2026-09-23T22-10-36-390Z_checkpoint-history,V1,,,5.2-P1,P1,16,delegate_voter,,,,0x5c19a95c,,48347,1,,0x81d5bf8e96fad9ce8b5230dc73abbeb313b25fcb2932728690f357e6b4e905b9
2026-09-23T22-10-36-390Z_checkpoint-history,V1,,,5.2-P1,P1,16,transfer_history,1,,,0xa9059cbb,,135960,1,,0xb6e9123c43e83bfbecb1553cc624b9dea687d790d8de05856da6714c8cae4bf8
2026-09-23T22-10-36-390Z_checkpoint-history,V1,,,5.2-P1,P1,16,transfer_history,2,,,0xa9059cbb,,104267,1,,0xcf582cf6d97401ab53f449b6769abb08efbd3ab12b6a3750844a3433f13f04a0
2026-09-23T22-10-36-390Z_checkpoint-history,V1,,,5.2-P1,P1,16,transfer_history,3,,,0xa9059cbb,,104267,1,,0x190afd159ff084bf997dce9e71fa5ee31e65c595029a93f9c525e49dc2c151fd
2026-09-23T22-10-36-390Z_checkpoint-history,V1,,,5.2-P1,P1,16,transfer_history,4,,,0xa9059cbb,,104267,1,,0x76d2e5e291ab1a3cd6969e96bd169954d1ff7e694b5f1b88f77d2bdcef0e6e96
2026-09-23T22-10-36-390Z_checkpoint-history,V1,,,5.2-P1,P1,16,transfer_history,5,,,0xa9059cbb,,104267,1,,0x476918c7f2c6b23b6551791d4b2c0cc0389f57f71416a676e2744e97f6d3f535
2026-09-23T22-10-36-390Z_checkpoint-history,V1,,,5.2-P1,P1,16,transfer_history,6,,,0xa9059cbb,,104267,1,,0x1c10c8c2c2b1b047f2fd79e1e11bf4aaca182764d3465c78f1a4b6b2079cd76c
2026-09-23T22-10-36-390Z_checkpoint-history,V1,,,5.2-P1,P1,16,transfer_history,7,,,0xa9059cbb,,104267,1,,0xaa4b57786b7cec9ee8f1084ec3369e4482e0145514b3a880fba17da73666bcf6
2026-09-23T22-10-36-390Z_checkpoint-history,V1,,,5.2-P1,P1,16,transfer_history,8,,,0xa9059cbb,,104267,1,,0xbe08657defb8da5c3030300047eb7bef16d1e2472f88a106a030de8546dfa65b
2026-09-23T22-10-36-390Z_checkpoint-history,V1,,,5.2-P1,P1,16,transfer_history,9,,,0xa9059cbb,,104267,1,,0x8f584dcc62bc9c9f7dded390f895992e772aceb9162d10f2f687bb9942a0dea6
2026-09-23T22-10-36-390Z_checkpoint-history,V1,,,5.2-P1,P1,16,transfer_history,10,,,0xa9059cbb,,104267,1,,0x73166f7077f11b3209f6d6957446f52e42d87c04ef82064a39768c26d45ae037
2026-09-23T22-10-36-390Z_checkpoint-history,V1,,,5.2-P1,P1,16,transfer_history,11,,,0xa9059cbb,,104267,1,,0xb63c69c919a4175fbd05007946688cd67048ff38068f8361949adc9ca8529f8e
2026-09-23T22-10-36-390Z_checkpoint-history,V1,,,5.2-P1,P1,16,transfer_history,12,,,0xa9059cbb,,104267,1,,0xe24f571d0cf796e4fefcc8a27c9249e04f908b025ff90af9f978b55de3146ae8
2026-09-23T22-10-36-390Z_checkpoint-history,V1,,,5.2-P1,P1,16,transfer_history,13,,,0xa9059cbb,,104267,1,,0x6feb4a5dbe28f2b386d9611e8ca10490985132ecb72f57c8c74e70384998dc08
2026-09-23T22-10-36-390Z_checkpoint-history,V1,,,5.2-P1,P1,16,transfer_history,14,,,0xa9059cbb,,104267,1,,0x8b36254778ed989d52cf92675f252a97e0b78e7d3ad11bc3a3ae461ffae51a00
2026-09-23T22-10-36-390Z_checkpoint-history,V1,,,5.2-P1,P1,16,transfer_history,15,,,0xa9059cbb,,104267,1,,0x759bc210ba5ce26f6dc0f67f48423e039ab5bb967789bc6aa578c97e4a31eae2
2026-09-23T22-10-36-390Z_checkpoint-history,V1,,,5.2-P1,P1,16,transfer_history,16,,,0xa9059cbb,,104267,1,,0x82c0bfcb730dcea845cfa48775f44b5e53ad3fc60617eb5e7f7e0f7cb62ecb8f
2026-09-23T22-10-36-390Z_checkpoint-history,V1,,,5.2-P1,P1,16,propose,,,propose,0x7d5e81e2,WasteCategoryRegistry.updateCredits,63303,1,,0xbad1e804026762b78bca8faf136a0da17346408f91839166cf9779aedb4921e0
2026-09-23T22-10-36-390Z_checkpoint-history,V1,,,5.2-P1,P1,16,vote_measured,1,for,castVote,0x56781388,WasteCategoryRegistry.updateCredits,88021,1,,0x601fc9d817eabfb7ff2e05ff60efa6b525f3c16a85d57f20d6e29f201db727dc
2026-09-23T22-10-36-390Z_checkpoint-history,V1,T1,,,,,deploy_token_T1,,,constructor,0x61016060,,1621017,1,,0x8a423d158719dafa7ff4b82bcd6f6a5661f61c993e6aaede0acbe21a849af082
2026-09-23T22-10-36-390Z_checkpoint-history,V1,,,,,,deploy_registry,,,constructor,0x60806040,,4590964,1,,0x9005486642112873086c0faf3a06ce7199e3377186a80eb6eea4235f5e1c6f56
2026-09-23T22-10-36-390Z_checkpoint-history,V1,,,,,,deploy_governor_V1,,,constructor,0x6101c080,,2141155,1,,0xe78fdee398cee13d5902695984b018a65d45bf0fbb03613be8e3d1a5fb0f5bf7
2026-09-23T22-10-36-390Z_checkpoint-history,V1,,,,,,grant_admin_role,,,grantRole,0x2f2ff15d,,50799,1,,0xfdc9a3875129e16eb4a0e6527cfb2e5662449c13660398cf3b7c723db6d0e009
2026-09-23T22-10-36-390Z_checkpoint-history,V1,,,,,,revoke_deployer_admin_role,,,revokeRole,0xd547741f,,27116,1,,0xc189311656167d1c4c211ee1c4f5143a8df64ff72cb449ebf7ec77ff2fd0bcbb
2026-09-23T22-10-36-390Z_checkpoint-history,V1,,,5.2-P2,P2,2,delegate_admin,,,,0x5c19a95c,,95559,1,,0xd4695df7ceba86e36d8d32ccf756640823a0c1b729cf20e3a0b632c08e38ee6a
2026-09-23T22-10-36-390Z_checkpoint-history,V1,,,5.2-P2,P2,2,delegate_voter,,,,0x5c19a95c,,48347,1,,0x81d5bf8e96fad9ce8b5230dc73abbeb313b25fcb2932728690f357e6b4e905b9
2026-09-23T22-10-36-390Z_checkpoint-history,V1,,,5.2-P2,P2,2,propose,,,propose,0x7d5e81e2,WasteCategoryRegistry.updateCredits,63291,1,,0x8b31ddbf15a385fb3ef3c0913fe4ddf581dc50cb376f8a1c29e6a900d5035828
2026-09-23T22-10-36-390Z_checkpoint-history,V1,,,5.2-P2,P2,2,transfer_pre_activation,1,,,0xa9059cbb,,135960,1,,0x1a98b2f24620d6e659ef1244c99a7433d6cb0207fdf39450ceabf0fadcaa6e93
2026-09-23T22-10-36-390Z_checkpoint-history,V1,,,5.2-P2,P2,2,transfer_post_activation,1,out,,0xa9059cbb,,104255,1,,0xdf5d489d1a7c388cb65ac14d46c4a2f9419dda39062c27e4c74f208b7b5e6a9c
2026-09-23T22-10-36-390Z_checkpoint-history,V1,,,5.2-P2,P2,2,vote_measured,1,for,castVote,0x56781388,WasteCategoryRegistry.updateCredits,84745,1,,0x3243da40cebc77b1be2f0f52d0615514798558bab26aa7b261e1e1858141c34d
2026-09-23T22-10-36-390Z_checkpoint-history,V1,T1,,,,,deploy_token_T1,,,constructor,0x61016060,,1621017,1,,0x8a423d158719dafa7ff4b82bcd6f6a5661f61c993e6aaede0acbe21a849af082
2026-09-23T22-10-36-390Z_checkpoint-history,V1,,,,,,deploy_registry,,,constructor,0x60806040,,4590964,1,,0x9005486642112873086c0faf3a06ce7199e3377186a80eb6eea4235f5e1c6f56
2026-09-23T22-10-36-390Z_checkpoint-history,V1,,,,,,deploy_governor_V1,,,constructor,0x6101c080,,2141155,1,,0xe78fdee398cee13d5902695984b018a65d45bf0fbb03613be8e3d1a5fb0f5bf7
2026-09-23T22-10-36-390Z_checkpoint-history,V1,,,,,,grant_admin_role,,,grantRole,0x2f2ff15d,,50799,1,,0xfdc9a3875129e16eb4a0e6527cfb2e5662449c13660398cf3b7c723db6d0e009
2026-09-23T22-10-36-390Z_checkpoint-history,V1,,,,,,revoke_deployer_admin_role,,,revokeRole,0xd547741f,,27116,1,,0xc189311656167d1c4c211ee1c4f5143a8df64ff72cb449ebf7ec77ff2fd0bcbb
2026-09-23T22-10-36-390Z_checkpoint-history,V1,,,5.2-P2,P2,4,delegate_admin,,,,0x5c19a95c,,95559,1,,0xd4695df7ceba86e36d8d32ccf756640823a0c1b729cf20e3a0b632c08e38ee6a
2026-09-23T22-10-36-390Z_checkpoint-history,V1,,,5.2-P2,P2,4,delegate_voter,,,,0x5c19a95c,,48347,1,,0x81d5bf8e96fad9ce8b5230dc73abbeb313b25fcb2932728690f357e6b4e905b9
2026-09-23T22-10-36-390Z_checkpoint-history,V1,,,5.2-P2,P2,4,propose,,,propose,0x7d5e81e2,WasteCategoryRegistry.updateCredits,63291,1,,0x641dd751e036797564cd443e72226cf3f88f190195d357eb7b16d260c77ce913
2026-09-23T22-10-36-390Z_checkpoint-history,V1,,,5.2-P2,P2,4,transfer_pre_activation,1,,,0xa9059cbb,,135960,1,,0x53d212d1c632aa2878ea80063432c4b3765c93806df6e05fda50b12bda6d27b2
2026-09-23T22-10-36-390Z_checkpoint-history,V1,,,5.2-P2,P2,4,transfer_pre_activation,2,,,0xa9059cbb,,104267,1,,0x27992a755ab595e019993ee829e0279d2c14c796423b0a6351f95e385ad3c760
2026-09-23T22-10-36-390Z_checkpoint-history,V1,,,5.2-P2,P2,4,transfer_post_activation,1,out,,0xa9059cbb,,104255,1,,0x1ebf656bc135cd560cad04f901ecf721a437bdac850b2d19de811648170a01ef
2026-09-23T22-10-36-390Z_checkpoint-history,V1,,,5.2-P2,P2,4,transfer_post_activation,2,in,,0xa9059cbb,,104255,1,,0x73d3778ab9779c50659796b015440ad5156fc0c0be626f05d936f16c46323cc3
2026-09-23T22-10-36-390Z_checkpoint-history,V1,,,5.2-P2,P2,4,vote_measured,1,for,castVote,0x56781388,WasteCategoryRegistry.updateCredits,84745,1,,0x50ecfc2bc0aad1f696aa52240174e05e152354e54929faf396dbd9fb549a1c78
2026-09-23T22-10-36-390Z_checkpoint-history,V1,T1,,,,,deploy_token_T1,,,constructor,0x61016060,,1621017,1,,0x8a423d158719dafa7ff4b82bcd6f6a5661f61c993e6aaede0acbe21a849af082
2026-09-23T22-10-36-390Z_checkpoint-history,V1,,,,,,deploy_registry,,,constructor,0x60806040,,4590964,1,,0x9005486642112873086c0faf3a06ce7199e3377186a80eb6eea4235f5e1c6f56
2026-09-23T22-10-36-390Z_checkpoint-history,V1,,,,,,deploy_governor_V1,,,constructor,0x6101c080,,2141155,1,,0xe78fdee398cee13d5902695984b018a65d45bf0fbb03613be8e3d1a5fb0f5bf7
2026-09-23T22-10-36-390Z_checkpoint-history,V1,,,,,,grant_admin_role,,,grantRole,0x2f2ff15d,,50799,1,,0xfdc9a3875129e16eb4a0e6527cfb2e5662449c13660398cf3b7c723db6d0e009
2026-09-23T22-10-36-390Z_checkpoint-history,V1,,,,,,revoke_deployer_admin_role,,,revokeRole,0xd547741f,,27116,1,,0xc189311656167d1c4c211ee1c4f5143a8df64ff72cb449ebf7ec77ff2fd0bcbb
2026-09-23T22-10-36-390Z_checkpoint-history,V1,,,5.2-P2,P2,8,delegate_admin,,,,0x5c19a95c,,95559,1,,0xd4695df7ceba86e36d8d32ccf756640823a0c1b729cf20e3a0b632c08e38ee6a
2026-09-23T22-10-36-390Z_checkpoint-history,V1,,,5.2-P2,P2,8,delegate_voter,,,,0x5c19a95c,,48347,1,,0x81d5bf8e96fad9ce8b5230dc73abbeb313b25fcb2932728690f357e6b4e905b9
2026-09-23T22-10-36-390Z_checkpoint-history,V1,,,5.2-P2,P2,8,propose,,,propose,0x7d5e81e2,WasteCategoryRegistry.updateCredits,63291,1,,0xa3742484cd85cda8cb5c0a593955a022479ee5aea3294bbe2362e88c1fdf1d15
2026-09-23T22-10-36-390Z_checkpoint-history,V1,,,5.2-P2,P2,8,transfer_pre_activation,1,,,0xa9059cbb,,135960,1,,0xb609481558a503fd4d772d33800183c5c6293f924e79ff92ecdbf3210b69c052
2026-09-23T22-10-36-390Z_checkpoint-history,V1,,,5.2-P2,P2,8,transfer_pre_activation,2,,,0xa9059cbb,,104267,1,,0xb4cf1a7667380c62c17c5cc39faacb7f2b0eecbc5d5114330a9b8ccbd1ca2246
2026-09-23T22-10-36-390Z_checkpoint-history,V1,,,5.2-P2,P2,8,transfer_pre_activation,3,,,0xa9059cbb,,104267,1,,0x76316976b6ed57681e3ef9e9bd3a96a76815c654dd8f6b6a71c7f7eb5a07d17d
2026-09-23T22-10-36-390Z_checkpoint-history,V1,,,5.2-P2,P2,8,transfer_pre_activation,4,,,0xa9059cbb,,104267,1,,0x12393ffc555f436732c63433becae844833dc0f7c9c9b45065c5f78226940625
2026-09-23T22-10-36-390Z_checkpoint-history,V1,,,5.2-P2,P2,8,transfer_post_activation,1,out,,0xa9059cbb,,104255,1,,0x6340a51ee768433db59a6efddeb586e0c777e4d2ed1074dd591d5d65d919adde
2026-09-23T22-10-36-390Z_checkpoint-history,V1,,,5.2-P2,P2,8,transfer_post_activation,2,in,,0xa9059cbb,,104255,1,,0x71c21c1ed1fb2b04a58a0c7026ea244cbebccf269b7967c8a8c26b53a3ce6ea0
2026-09-23T22-10-36-390Z_checkpoint-history,V1,,,5.2-P2,P2,8,transfer_post_activation,3,out,,0xa9059cbb,,104255,1,,0x2e31cb0f36ebb41e6241d37a782b1eb82f3380c758787202ce7ff41678d0d3b0
2026-09-23T22-10-36-390Z_checkpoint-history,V1,,,5.2-P2,P2,8,transfer_post_activation,4,in,,0xa9059cbb,,104255,1,,0x9e1a221d3b683394bfb768c44e6166e7a2f0a48e8938fd719ce232693c8ed013
2026-09-23T22-10-36-390Z_checkpoint-history,V1,,,5.2-P2,P2,8,vote_measured,1,for,castVote,0x56781388,WasteCategoryRegistry.updateCredits,90145,1,,0xf519adbd3e8876600cd633f5aebc630c5e9e6f7ef1f30454f584d3bdce8825f3
2026-09-23T22-10-36-390Z_checkpoint-history,V1,T1,,,,,deploy_token_T1,,,constructor,0x61016060,,1621017,1,,0x8a423d158719dafa7ff4b82bcd6f6a5661f61c993e6aaede0acbe21a849af082
2026-09-23T22-10-36-390Z_checkpoint-history,V1,,,,,,deploy_registry,,,constructor,0x60806040,,4590964,1,,0x9005486642112873086c0faf3a06ce7199e3377186a80eb6eea4235f5e1c6f56
2026-09-23T22-10-36-390Z_checkpoint-history,V1,,,,,,deploy_governor_V1,,,constructor,0x6101c080,,2141155,1,,0xe78fdee398cee13d5902695984b018a65d45bf0fbb03613be8e3d1a5fb0f5bf7
2026-09-23T22-10-36-390Z_checkpoint-history,V1,,,,,,grant_admin_role,,,grantRole,0x2f2ff15d,,50799,1,,0xfdc9a3875129e16eb4a0e6527cfb2e5662449c13660398cf3b7c723db6d0e009
2026-09-23T22-10-36-390Z_checkpoint-history,V1,,,,,,revoke_deployer_admin_role,,,revokeRole,0xd547741f,,27116,1,,0xc189311656167d1c4c211ee1c4f5143a8df64ff72cb449ebf7ec77ff2fd0bcbb
2026-09-23T22-10-36-390Z_checkpoint-history,V1,,,5.2-P2,P2,16,delegate_admin,,,,0x5c19a95c,,95559,1,,0xd4695df7ceba86e36d8d32ccf756640823a0c1b729cf20e3a0b632c08e38ee6a
2026-09-23T22-10-36-390Z_checkpoint-history,V1,,,5.2-P2,P2,16,delegate_voter,,,,0x5c19a95c,,48347,1,,0x81d5bf8e96fad9ce8b5230dc73abbeb313b25fcb2932728690f357e6b4e905b9
2026-09-23T22-10-36-390Z_checkpoint-history,V1,,,5.2-P2,P2,16,propose,,,propose,0x7d5e81e2,WasteCategoryRegistry.updateCredits,63303,1,,0x12e0b473ac8a3b62aae0d40eb76ddcb0d118d34d7092caf80293fb2449688162
2026-09-23T22-10-36-390Z_checkpoint-history,V1,,,5.2-P2,P2,16,transfer_pre_activation,1,,,0xa9059cbb,,135960,1,,0xae19a6bb015abb77e364055b8966395ca2d2c0fc01337e5ee2c06d1194ead36f
2026-09-23T22-10-36-390Z_checkpoint-history,V1,,,5.2-P2,P2,16,transfer_pre_activation,2,,,0xa9059cbb,,104267,1,,0x7ba0c39f2eac7ee0a8a9c21efd688a3501d618a74fb482797bbe677ff381c2c9
2026-09-23T22-10-36-390Z_checkpoint-history,V1,,,5.2-P2,P2,16,transfer_pre_activation,3,,,0xa9059cbb,,104267,1,,0xa06870d68383681cba85db808be9b9985d5e62777834b0dfa4593100148ac094
2026-09-23T22-10-36-390Z_checkpoint-history,V1,,,5.2-P2,P2,16,transfer_pre_activation,4,,,0xa9059cbb,,104267,1,,0x1841ff20d5209b1bd914a36821e655dd41bb9a00774e596d42b8d5ea23dc6f9e
2026-09-23T22-10-36-390Z_checkpoint-history,V1,,,5.2-P2,P2,16,transfer_pre_activation,5,,,0xa9059cbb,,104267,1,,0x8d30538a06662821a738423994736607918c1344ee82b140b1bb4766f93c9ff3
2026-09-23T22-10-36-390Z_checkpoint-history,V1,,,5.2-P2,P2,16,transfer_pre_activation,6,,,0xa9059cbb,,104267,1,,0xabfade008d90f447ea05a8edaf2e0ccaa0ab2250387fe8e16b5d2634b58b918e
2026-09-23T22-10-36-390Z_checkpoint-history,V1,,,5.2-P2,P2,16,transfer_pre_activation,7,,,0xa9059cbb,,104267,1,,0x9dbc3cd22380191895c7467e8e42eb5e22983f38349c866051a6e5b811b8b621
2026-09-23T22-10-36-390Z_checkpoint-history,V1,,,5.2-P2,P2,16,transfer_pre_activation,8,,,0xa9059cbb,,104267,1,,0xee2f5a6bef1d921018d9cb0aaffd641dd70f239a65e3ce0437ca87dcceedb7dc
2026-09-23T22-10-36-390Z_checkpoint-history,V1,,,5.2-P2,P2,16,transfer_post_activation,1,out,,0xa9059cbb,,104255,1,,0x3a573338a088d90ef59662f9981f19e29893b817947ab88012eb17a86db4a68f
2026-09-23T22-10-36-390Z_checkpoint-history,V1,,,5.2-P2,P2,16,transfer_post_activation,2,in,,0xa9059cbb,,104255,1,,0x06c302a4ad50b697707cd362689652bcaf7c9f49930daba41dfed21b8f1c7ace
2026-09-23T22-10-36-390Z_checkpoint-history,V1,,,5.2-P2,P2,16,transfer_post_activation,3,out,,0xa9059cbb,,104255,1,,0xc7558db90104ee6f041f923a618b28f7eea843970277c719504419673c19f467
2026-09-23T22-10-36-390Z_checkpoint-history,V1,,,5.2-P2,P2,16,transfer_post_activation,4,in,,0xa9059cbb,,104255,1,,0x8ffda9780632107315d7ccfd0b9b4b13ee161b03d96ac58b0b495aa86432d61f
2026-09-23T22-10-36-390Z_checkpoint-history,V1,,,5.2-P2,P2,16,transfer_post_activation,5,out,,0xa9059cbb,,104255,1,,0x84b3ac97e87818d1f512d065da4c6f19d2904f6398335dfdd089b4dc8ea957aa
2026-09-23T22-10-36-390Z_checkpoint-history,V1,,,5.2-P2,P2,16,transfer_post_activation,6,in,,0xa9059cbb,,104255,1,,0xce431d9f8404429bc1a85f1714c746012451c626b44c3007cff0fb8a78486b25
2026-09-23T22-10-36-390Z_checkpoint-history,V1,,,5.2-P2,P2,16,transfer_post_activation,7,out,,0xa9059cbb,,104255,1,,0x385575261af920a4f40fe4bbf733447597ef98be6017aa64f6642e6d793ad481
2026-09-23T22-10-36-390Z_checkpoint-history,V1,,,5.2-P2,P2,16,transfer_post_activation,8,in,,0xa9059cbb,,104255,1,,0xe80df3c6357c7fd170a6ae2f816e92b3be4d53a2918b3df3e0d850d115c2ddaf
2026-09-23T22-10-36-390Z_checkpoint-history,V1,,,5.2-P2,P2,16,vote_measured,1,for,castVote,0x56781388,WasteCategoryRegistry.updateCredits,92507,1,,0x07adb5b1536977cf8d8ff6ae37296fdccf71d03df88c7e0f97036a4302139433
2026-09-23T22-10-36-390Z_checkpoint-history,V2,T1,,,,,deploy_token_T1,,,constructor,0x61016060,,1621017,1,,0x8a423d158719dafa7ff4b82bcd6f6a5661f61c993e6aaede0acbe21a849af082
2026-09-23T22-10-36-390Z_checkpoint-history,V2,,,,,,deploy_registry,,,constructor,0x60806040,,4590964,1,,0x9005486642112873086c0faf3a06ce7199e3377186a80eb6eea4235f5e1c6f56
2026-09-23T22-10-36-390Z_checkpoint-history,V2,,,,,,deploy_governor_V2,,,constructor,0x6101e080,,2178840,1,,0xe21f093d8b2a9ba6f88367321095e29223ba988a4a5c00b4008de52c6006f6fb
2026-09-23T22-10-36-390Z_checkpoint-history,V2,,,,,,grant_admin_role,,,grantRole,0x2f2ff15d,,50799,1,,0x0482dd737ad13e5cf9f342f77b7f4c8d4a60575e6613b501a7a433855227e65d
2026-09-23T22-10-36-390Z_checkpoint-history,V2,,,,,,revoke_deployer_admin_role,,,revokeRole,0xd547741f,,27116,1,,0xbf6c6756b6e885a31717a4b56f3c4fc35da4780ca84e075711ea97189f58ea3d
2026-09-23T22-10-36-390Z_checkpoint-history,V2,,,5.2-P1,P1,1,delegate_admin,,,,0x5c19a95c,,95559,1,,0xe4ed125ff7fcf34a784094393e69d7b32184f90f45a88cf0e398ac5fe2329d50
2026-09-23T22-10-36-390Z_checkpoint-history,V2,,,5.2-P1,P1,1,delegate_voter,,,,0x5c19a95c,,48347,1,,0x8e5cf2e817455991c3f88244f29b95e3c5703efb253d16587c3e019ace8ed4aa
2026-09-23T22-10-36-390Z_checkpoint-history,V2,,,5.2-P1,P1,1,transfer_history,1,,,0xa9059cbb,,135960,1,,0xe10ecb97b42138babe52528965ac198018a24ad44870bac43f92d1b923260048
2026-09-23T22-10-36-390Z_checkpoint-history,V2,,,5.2-P1,P1,1,propose,,,propose,0x7d5e81e2,WasteCategoryRegistry.updateCredits,63291,1,,0x2d93efbaceacb562dd45ad88b6e7911a91254198aa2bbad62cfa0956a71af7eb
2026-09-23T22-10-36-390Z_checkpoint-history,V2,,,5.2-P1,P1,1,vote_measured,1,for,castVote,0x56781388,WasteCategoryRegistry.updateCredits,82468,1,,0xc2789b8ab7eeba96f5d5ef980ebb5dd619df82f90526fbc37627f7538760bf6e
2026-09-23T22-10-36-390Z_checkpoint-history,V2,T1,,,,,deploy_token_T1,,,constructor,0x61016060,,1621017,1,,0x8a423d158719dafa7ff4b82bcd6f6a5661f61c993e6aaede0acbe21a849af082
2026-09-23T22-10-36-390Z_checkpoint-history,V2,,,,,,deploy_registry,,,constructor,0x60806040,,4590964,1,,0x9005486642112873086c0faf3a06ce7199e3377186a80eb6eea4235f5e1c6f56
2026-09-23T22-10-36-390Z_checkpoint-history,V2,,,,,,deploy_governor_V2,,,constructor,0x6101e080,,2178840,1,,0xe21f093d8b2a9ba6f88367321095e29223ba988a4a5c00b4008de52c6006f6fb
2026-09-23T22-10-36-390Z_checkpoint-history,V2,,,,,,grant_admin_role,,,grantRole,0x2f2ff15d,,50799,1,,0x0482dd737ad13e5cf9f342f77b7f4c8d4a60575e6613b501a7a433855227e65d
2026-09-23T22-10-36-390Z_checkpoint-history,V2,,,,,,revoke_deployer_admin_role,,,revokeRole,0xd547741f,,27116,1,,0xbf6c6756b6e885a31717a4b56f3c4fc35da4780ca84e075711ea97189f58ea3d
2026-09-23T22-10-36-390Z_checkpoint-history,V2,,,5.2-P1,P1,2,delegate_admin,,,,0x5c19a95c,,95559,1,,0xe4ed125ff7fcf34a784094393e69d7b32184f90f45a88cf0e398ac5fe2329d50
2026-09-23T22-10-36-390Z_checkpoint-history,V2,,,5.2-P1,P1,2,delegate_voter,,,,0x5c19a95c,,48347,1,,0x8e5cf2e817455991c3f88244f29b95e3c5703efb253d16587c3e019ace8ed4aa
2026-09-23T22-10-36-390Z_checkpoint-history,V2,,,5.2-P1,P1,2,transfer_history,1,,,0xa9059cbb,,135960,1,,0x9c9e0f3b167a2f3438ae1b84d522087b3bddf8ed16beb53e667e842d81f2815c
2026-09-23T22-10-36-390Z_checkpoint-history,V2,,,5.2-P1,P1,2,transfer_history,2,,,0xa9059cbb,,104267,1,,0xb029652028dc4419e6f90dfddb94d0b8b23a854ff58c333a1538c4726233b1fa
2026-09-23T22-10-36-390Z_checkpoint-history,V2,,,5.2-P1,P1,2,propose,,,propose,0x7d5e81e2,WasteCategoryRegistry.updateCredits,63291,1,,0xf308bb2c34b76e97cc776f8c14323874ef53b93a1b6ac66089b7f6b5a5ad2273
2026-09-23T22-10-36-390Z_checkpoint-history,V2,,,5.2-P1,P1,2,vote_measured,1,for,castVote,0x56781388,WasteCategoryRegistry.updateCredits,82468,1,,0x33e35b124de8a9e6e2f0ebf60e3ed47e4f7795046ff90168e7cdd59cec043ff9
2026-09-23T22-10-36-390Z_checkpoint-history,V2,T1,,,,,deploy_token_T1,,,constructor,0x61016060,,1621017,1,,0x8a423d158719dafa7ff4b82bcd6f6a5661f61c993e6aaede0acbe21a849af082
2026-09-23T22-10-36-390Z_checkpoint-history,V2,,,,,,deploy_registry,,,constructor,0x60806040,,4590964,1,,0x9005486642112873086c0faf3a06ce7199e3377186a80eb6eea4235f5e1c6f56
2026-09-23T22-10-36-390Z_checkpoint-history,V2,,,,,,deploy_governor_V2,,,constructor,0x6101e080,,2178840,1,,0xe21f093d8b2a9ba6f88367321095e29223ba988a4a5c00b4008de52c6006f6fb
2026-09-23T22-10-36-390Z_checkpoint-history,V2,,,,,,grant_admin_role,,,grantRole,0x2f2ff15d,,50799,1,,0x0482dd737ad13e5cf9f342f77b7f4c8d4a60575e6613b501a7a433855227e65d
2026-09-23T22-10-36-390Z_checkpoint-history,V2,,,,,,revoke_deployer_admin_role,,,revokeRole,0xd547741f,,27116,1,,0xbf6c6756b6e885a31717a4b56f3c4fc35da4780ca84e075711ea97189f58ea3d
2026-09-23T22-10-36-390Z_checkpoint-history,V2,,,5.2-P1,P1,4,delegate_admin,,,,0x5c19a95c,,95559,1,,0xe4ed125ff7fcf34a784094393e69d7b32184f90f45a88cf0e398ac5fe2329d50
2026-09-23T22-10-36-390Z_checkpoint-history,V2,,,5.2-P1,P1,4,delegate_voter,,,,0x5c19a95c,,48347,1,,0x8e5cf2e817455991c3f88244f29b95e3c5703efb253d16587c3e019ace8ed4aa
2026-09-23T22-10-36-390Z_checkpoint-history,V2,,,5.2-P1,P1,4,transfer_history,1,,,0xa9059cbb,,135960,1,,0x789e20c71e8a174dc07931717cf66ac32787a5687596f51948654328b97c73ba
2026-09-23T22-10-36-390Z_checkpoint-history,V2,,,5.2-P1,P1,4,transfer_history,2,,,0xa9059cbb,,104267,1,,0x97299ebb4a6c63187b56a29f69228a5c33855699a6d4d5f959966761bc148f12
2026-09-23T22-10-36-390Z_checkpoint-history,V2,,,5.2-P1,P1,4,transfer_history,3,,,0xa9059cbb,,104267,1,,0xf992feada989cb42bc0bcab8afca6258ece3a869dc2c245e702863bb886eb880
2026-09-23T22-10-36-390Z_checkpoint-history,V2,,,5.2-P1,P1,4,transfer_history,4,,,0xa9059cbb,,104267,1,,0xa857171eba6c24f487e91e3edcf46f44b4f12fd65937f799a2240da822f73e9d
2026-09-23T22-10-36-390Z_checkpoint-history,V2,,,5.2-P1,P1,4,propose,,,propose,0x7d5e81e2,WasteCategoryRegistry.updateCredits,63291,1,,0x27f832f93f03625d3fed7186610293ee75b6c349f2408fbf2c67281887bca9a8
2026-09-23T22-10-36-390Z_checkpoint-history,V2,,,5.2-P1,P1,4,vote_measured,1,for,castVote,0x56781388,WasteCategoryRegistry.updateCredits,84818,1,,0x6b09b3b590e92ac4c41ec2f24d8ce55793ded8d098871af3a45ecd7c13485171
2026-09-23T22-10-36-390Z_checkpoint-history,V2,T1,,,,,deploy_token_T1,,,constructor,0x61016060,,1621017,1,,0x8a423d158719dafa7ff4b82bcd6f6a5661f61c993e6aaede0acbe21a849af082
2026-09-23T22-10-36-390Z_checkpoint-history,V2,,,,,,deploy_registry,,,constructor,0x60806040,,4590964,1,,0x9005486642112873086c0faf3a06ce7199e3377186a80eb6eea4235f5e1c6f56
2026-09-23T22-10-36-390Z_checkpoint-history,V2,,,,,,deploy_governor_V2,,,constructor,0x6101e080,,2178840,1,,0xe21f093d8b2a9ba6f88367321095e29223ba988a4a5c00b4008de52c6006f6fb
2026-09-23T22-10-36-390Z_checkpoint-history,V2,,,,,,grant_admin_role,,,grantRole,0x2f2ff15d,,50799,1,,0x0482dd737ad13e5cf9f342f77b7f4c8d4a60575e6613b501a7a433855227e65d
2026-09-23T22-10-36-390Z_checkpoint-history,V2,,,,,,revoke_deployer_admin_role,,,revokeRole,0xd547741f,,27116,1,,0xbf6c6756b6e885a31717a4b56f3c4fc35da4780ca84e075711ea97189f58ea3d
2026-09-23T22-10-36-390Z_checkpoint-history,V2,,,5.2-P1,P1,8,delegate_admin,,,,0x5c19a95c,,95559,1,,0xe4ed125ff7fcf34a784094393e69d7b32184f90f45a88cf0e398ac5fe2329d50
2026-09-23T22-10-36-390Z_checkpoint-history,V2,,,5.2-P1,P1,8,delegate_voter,,,,0x5c19a95c,,48347,1,,0x8e5cf2e817455991c3f88244f29b95e3c5703efb253d16587c3e019ace8ed4aa
2026-09-23T22-10-36-390Z_checkpoint-history,V2,,,5.2-P1,P1,8,transfer_history,1,,,0xa9059cbb,,135960,1,,0xc5ffec0682b753f6fb8b9025efa1106ea69851129855d3803c7c81c064271993
2026-09-23T22-10-36-390Z_checkpoint-history,V2,,,5.2-P1,P1,8,transfer_history,2,,,0xa9059cbb,,104267,1,,0x31e166eab9f52e2c8bc1e7111f900fa7ee59889c0cae283706f4d170fee4bb23
2026-09-23T22-10-36-390Z_checkpoint-history,V2,,,5.2-P1,P1,8,transfer_history,3,,,0xa9059cbb,,104267,1,,0xe13e5a280fb7412e3ac713303fd2af0007f83b1ba975669120b4d1f15b63ee5d
2026-09-23T22-10-36-390Z_checkpoint-history,V2,,,5.2-P1,P1,8,transfer_history,4,,,0xa9059cbb,,104267,1,,0xe3486bd75cc8514895ba0acc67f0d035e0ba3839926850f39adc84a47669dfb5
2026-09-23T22-10-36-390Z_checkpoint-history,V2,,,5.2-P1,P1,8,transfer_history,5,,,0xa9059cbb,,104267,1,,0xa990d89ca8edfb12b6069c421b51afd5f650de03f57e1b74feab73da5c0f08c6
2026-09-23T22-10-36-390Z_checkpoint-history,V2,,,5.2-P1,P1,8,transfer_history,6,,,0xa9059cbb,,104267,1,,0x33eaf892624773e7b21af29cdd3c064c01ea82a81558237020a81d4fec9a3c91
2026-09-23T22-10-36-390Z_checkpoint-history,V2,,,5.2-P1,P1,8,transfer_history,7,,,0xa9059cbb,,104267,1,,0xdb7ab26cf5e4b2d632b6366c05ccab2f82ef832c041cc47d9a495381ee839c68
2026-09-23T22-10-36-390Z_checkpoint-history,V2,,,5.2-P1,P1,8,transfer_history,8,,,0xa9059cbb,,104267,1,,0xd049ea421461fdcdc85d1692b8267c1107fb1ee500d5e4ac3ccbf79879b870c9
2026-09-23T22-10-36-390Z_checkpoint-history,V2,,,5.2-P1,P1,8,propose,,,propose,0x7d5e81e2,WasteCategoryRegistry.updateCredits,63291,1,,0x30cfe2a06f1cd2e8264ea51019aec9e1a6923fe2353ea76299d20550c7d6872a
2026-09-23T22-10-36-390Z_checkpoint-history,V2,,,5.2-P1,P1,8,vote_measured,1,for,castVote,0x56781388,WasteCategoryRegistry.updateCredits,85659,1,,0x1f5cab52302abb911c2feecd4b66a7ace0a88de37f8f08689f1e75d87deaba8a
2026-09-23T22-10-36-390Z_checkpoint-history,V2,T1,,,,,deploy_token_T1,,,constructor,0x61016060,,1621017,1,,0x8a423d158719dafa7ff4b82bcd6f6a5661f61c993e6aaede0acbe21a849af082
2026-09-23T22-10-36-390Z_checkpoint-history,V2,,,,,,deploy_registry,,,constructor,0x60806040,,4590964,1,,0x9005486642112873086c0faf3a06ce7199e3377186a80eb6eea4235f5e1c6f56
2026-09-23T22-10-36-390Z_checkpoint-history,V2,,,,,,deploy_governor_V2,,,constructor,0x6101e080,,2178840,1,,0xe21f093d8b2a9ba6f88367321095e29223ba988a4a5c00b4008de52c6006f6fb
2026-09-23T22-10-36-390Z_checkpoint-history,V2,,,,,,grant_admin_role,,,grantRole,0x2f2ff15d,,50799,1,,0x0482dd737ad13e5cf9f342f77b7f4c8d4a60575e6613b501a7a433855227e65d
2026-09-23T22-10-36-390Z_checkpoint-history,V2,,,,,,revoke_deployer_admin_role,,,revokeRole,0xd547741f,,27116,1,,0xbf6c6756b6e885a31717a4b56f3c4fc35da4780ca84e075711ea97189f58ea3d
2026-09-23T22-10-36-390Z_checkpoint-history,V2,,,5.2-P1,P1,16,delegate_admin,,,,0x5c19a95c,,95559,1,,0xe4ed125ff7fcf34a784094393e69d7b32184f90f45a88cf0e398ac5fe2329d50
2026-09-23T22-10-36-390Z_checkpoint-history,V2,,,5.2-P1,P1,16,delegate_voter,,,,0x5c19a95c,,48347,1,,0x8e5cf2e817455991c3f88244f29b95e3c5703efb253d16587c3e019ace8ed4aa
2026-09-23T22-10-36-390Z_checkpoint-history,V2,,,5.2-P1,P1,16,transfer_history,1,,,0xa9059cbb,,135960,1,,0xd371d7800ea5572c4f40fbc67f68531dcb98bac35db1c7a836c713d8983d4cbe
2026-09-23T22-10-36-390Z_checkpoint-history,V2,,,5.2-P1,P1,16,transfer_history,2,,,0xa9059cbb,,104267,1,,0x3a4453b6428962feebe092744dee30c5c3b0e4f35a7ed3429f672a2218a64008
2026-09-23T22-10-36-390Z_checkpoint-history,V2,,,5.2-P1,P1,16,transfer_history,3,,,0xa9059cbb,,104267,1,,0xf6d02081826b6ada6f02c45db68fe59340941e34264b4788a83328a283d42ba5
2026-09-23T22-10-36-390Z_checkpoint-history,V2,,,5.2-P1,P1,16,transfer_history,4,,,0xa9059cbb,,104267,1,,0x3f67410d7c4b09554990c92921ccd30c83faca3f64dd2727008bbfee62eed4c4
2026-09-23T22-10-36-390Z_checkpoint-history,V2,,,5.2-P1,P1,16,transfer_history,5,,,0xa9059cbb,,104267,1,,0x4c0b8f4763824425997aed8d383a5de2b0fe425774215ff4354e9d09bcedd12c
2026-09-23T22-10-36-390Z_checkpoint-history,V2,,,5.2-P1,P1,16,transfer_history,6,,,0xa9059cbb,,104267,1,,0xfed759f79f4927e73fa43d5b9501ac7bdbcf3f10d6d283366f94388b2a4cff40
2026-09-23T22-10-36-390Z_checkpoint-history,V2,,,5.2-P1,P1,16,transfer_history,7,,,0xa9059cbb,,104267,1,,0xa851686afdc3f5a24ced22b3ac4d07a083a18ad49327822675dac7df3e5c6798
2026-09-23T22-10-36-390Z_checkpoint-history,V2,,,5.2-P1,P1,16,transfer_history,8,,,0xa9059cbb,,104267,1,,0x4f3270c0f84c14782cf3ec98e332572eda6e2f25c7812097f1244ab770956b54
2026-09-23T22-10-36-390Z_checkpoint-history,V2,,,5.2-P1,P1,16,transfer_history,9,,,0xa9059cbb,,104267,1,,0x26ea63f11031578bb0ba0f6d3933c4e90ef4adab4b9bb610066a3597eb165e48
2026-09-23T22-10-36-390Z_checkpoint-history,V2,,,5.2-P1,P1,16,transfer_history,10,,,0xa9059cbb,,104267,1,,0xf44ac333884ee24c23294671aa932e5aebf4fb2981bce5ff7a9e059859e11f71
2026-09-23T22-10-36-390Z_checkpoint-history,V2,,,5.2-P1,P1,16,transfer_history,11,,,0xa9059cbb,,104267,1,,0x1b2d97f735a212d63d0f79dc174bcba4aa34b6847ec58d39e84a8b1517110abe
2026-09-23T22-10-36-390Z_checkpoint-history,V2,,,5.2-P1,P1,16,transfer_history,12,,,0xa9059cbb,,104267,1,,0xac359b935888aa3e8c38ca89d0a33a26bf74082aa9366b0bfe7c814aa98c1ad5
2026-09-23T22-10-36-390Z_checkpoint-history,V2,,,5.2-P1,P1,16,transfer_history,13,,,0xa9059cbb,,104267,1,,0x68082e8b0a74873aa614f3d295c58a27e60486c6bc44aa99b12a82aad8b226ba
2026-09-23T22-10-36-390Z_checkpoint-history,V2,,,5.2-P1,P1,16,transfer_history,14,,,0xa9059cbb,,104267,1,,0xee3a234951f3ff005198b75c2186e6a5b57da43e81543984c4bfc94e9bf75977
2026-09-23T22-10-36-390Z_checkpoint-history,V2,,,5.2-P1,P1,16,transfer_history,15,,,0xa9059cbb,,104267,1,,0x7e04bdb9c8d602b8d9b85ac8354c744e946fa84606b4aa5097e442eef936ae67
2026-09-23T22-10-36-390Z_checkpoint-history,V2,,,5.2-P1,P1,16,transfer_history,16,,,0xa9059cbb,,104267,1,,0xd0535f0c36c6c5d8e16d70b1a58addf0f344fe033708ae74f005226e668c2b91
2026-09-23T22-10-36-390Z_checkpoint-history,V2,,,5.2-P1,P1,16,propose,,,propose,0x7d5e81e2,WasteCategoryRegistry.updateCredits,63303,1,,0x047490a874c8489fb791a7bded520c533be6b763f12851c624df2a7060c51810
2026-09-23T22-10-36-390Z_checkpoint-history,V2,,,5.2-P1,P1,16,vote_measured,1,for,castVote,0x56781388,WasteCategoryRegistry.updateCredits,88021,1,,0xcbe0b9b18e8e39434deaa99ffb2788de5eb43c82ce185ab777d2aee29e0a69e6
2026-09-23T22-10-36-390Z_checkpoint-history,V2,T1,,,,,deploy_token_T1,,,constructor,0x61016060,,1621017,1,,0x8a423d158719dafa7ff4b82bcd6f6a5661f61c993e6aaede0acbe21a849af082
2026-09-23T22-10-36-390Z_checkpoint-history,V2,,,,,,deploy_registry,,,constructor,0x60806040,,4590964,1,,0x9005486642112873086c0faf3a06ce7199e3377186a80eb6eea4235f5e1c6f56
2026-09-23T22-10-36-390Z_checkpoint-history,V2,,,,,,deploy_governor_V2,,,constructor,0x6101e080,,2178840,1,,0xe21f093d8b2a9ba6f88367321095e29223ba988a4a5c00b4008de52c6006f6fb
2026-09-23T22-10-36-390Z_checkpoint-history,V2,,,,,,grant_admin_role,,,grantRole,0x2f2ff15d,,50799,1,,0x0482dd737ad13e5cf9f342f77b7f4c8d4a60575e6613b501a7a433855227e65d
2026-09-23T22-10-36-390Z_checkpoint-history,V2,,,,,,revoke_deployer_admin_role,,,revokeRole,0xd547741f,,27116,1,,0xbf6c6756b6e885a31717a4b56f3c4fc35da4780ca84e075711ea97189f58ea3d
2026-09-23T22-10-36-390Z_checkpoint-history,V2,,,5.2-P2,P2,2,delegate_admin,,,,0x5c19a95c,,95559,1,,0xe4ed125ff7fcf34a784094393e69d7b32184f90f45a88cf0e398ac5fe2329d50
2026-09-23T22-10-36-390Z_checkpoint-history,V2,,,5.2-P2,P2,2,delegate_voter,,,,0x5c19a95c,,48347,1,,0x8e5cf2e817455991c3f88244f29b95e3c5703efb253d16587c3e019ace8ed4aa
2026-09-23T22-10-36-390Z_checkpoint-history,V2,,,5.2-P2,P2,2,propose,,,propose,0x7d5e81e2,WasteCategoryRegistry.updateCredits,63291,1,,0x329fda5f47e6d2f2bf6891852ab8b040b7d320db0e21034292de26bcb814ed9c
2026-09-23T22-10-36-390Z_checkpoint-history,V2,,,5.2-P2,P2,2,transfer_pre_activation,1,,,0xa9059cbb,,135960,1,,0x71f8a71f5cf815b58c64e81e52f1aeccac8e82d003c727ba86b870644cb8a598
2026-09-23T22-10-36-390Z_checkpoint-history,V2,,,5.2-P2,P2,2,transfer_post_activation,1,out,,0xa9059cbb,,104255,1,,0xb8879999f75faa630c22737e43d2787fae808740be672343c9c65ec5ee75a56b
2026-09-23T22-10-36-390Z_checkpoint-history,V2,,,5.2-P2,P2,2,vote_measured,1,for,castVote,0x56781388,WasteCategoryRegistry.updateCredits,84745,1,,0xdc46a68fcfda7de1a41d7c936adbf724b0d5d33f06fcd42023b6e265d210b9e7
2026-09-23T22-10-36-390Z_checkpoint-history,V2,T1,,,,,deploy_token_T1,,,constructor,0x61016060,,1621017,1,,0x8a423d158719dafa7ff4b82bcd6f6a5661f61c993e6aaede0acbe21a849af082
2026-09-23T22-10-36-390Z_checkpoint-history,V2,,,,,,deploy_registry,,,constructor,0x60806040,,4590964,1,,0x9005486642112873086c0faf3a06ce7199e3377186a80eb6eea4235f5e1c6f56
2026-09-23T22-10-36-390Z_checkpoint-history,V2,,,,,,deploy_governor_V2,,,constructor,0x6101e080,,2178840,1,,0xe21f093d8b2a9ba6f88367321095e29223ba988a4a5c00b4008de52c6006f6fb
2026-09-23T22-10-36-390Z_checkpoint-history,V2,,,,,,grant_admin_role,,,grantRole,0x2f2ff15d,,50799,1,,0x0482dd737ad13e5cf9f342f77b7f4c8d4a60575e6613b501a7a433855227e65d
2026-09-23T22-10-36-390Z_checkpoint-history,V2,,,,,,revoke_deployer_admin_role,,,revokeRole,0xd547741f,,27116,1,,0xbf6c6756b6e885a31717a4b56f3c4fc35da4780ca84e075711ea97189f58ea3d
2026-09-23T22-10-36-390Z_checkpoint-history,V2,,,5.2-P2,P2,4,delegate_admin,,,,0x5c19a95c,,95559,1,,0xe4ed125ff7fcf34a784094393e69d7b32184f90f45a88cf0e398ac5fe2329d50
2026-09-23T22-10-36-390Z_checkpoint-history,V2,,,5.2-P2,P2,4,delegate_voter,,,,0x5c19a95c,,48347,1,,0x8e5cf2e817455991c3f88244f29b95e3c5703efb253d16587c3e019ace8ed4aa
2026-09-23T22-10-36-390Z_checkpoint-history,V2,,,5.2-P2,P2,4,propose,,,propose,0x7d5e81e2,WasteCategoryRegistry.updateCredits,63291,1,,0x25eeecd6c0d8979867ab3c338b9ee57e91617dda2765b232e1e17f0f413d3252
2026-09-23T22-10-36-390Z_checkpoint-history,V2,,,5.2-P2,P2,4,transfer_pre_activation,1,,,0xa9059cbb,,135960,1,,0x1eee37e2b91b7b9e89bdfc238baa68260ac374e3443612a19e9d40929ed03d77
2026-09-23T22-10-36-390Z_checkpoint-history,V2,,,5.2-P2,P2,4,transfer_pre_activation,2,,,0xa9059cbb,,104267,1,,0xfaeea8fcc1b3f9bc1b269128710b8854cc6b83bd64d5715e8a0fc66cb5d3afc9
2026-09-23T22-10-36-390Z_checkpoint-history,V2,,,5.2-P2,P2,4,transfer_post_activation,1,out,,0xa9059cbb,,104255,1,,0xb4831c983a7581bfc7dc272fe54d5cf470e9666f43056d08d41611ee067114c0
2026-09-23T22-10-36-390Z_checkpoint-history,V2,,,5.2-P2,P2,4,transfer_post_activation,2,in,,0xa9059cbb,,104255,1,,0x266f9ebb5601212e173854f76a292e05d77494715192463546f9d5ba159c45c0
2026-09-23T22-10-36-390Z_checkpoint-history,V2,,,5.2-P2,P2,4,vote_measured,1,for,castVote,0x56781388,WasteCategoryRegistry.updateCredits,84745,1,,0x8811976a8057b3f612fde433ffca76f2a1bd6cb33ba281f3e28b92adc8c1e3cd
2026-09-23T22-10-36-390Z_checkpoint-history,V2,T1,,,,,deploy_token_T1,,,constructor,0x61016060,,1621017,1,,0x8a423d158719dafa7ff4b82bcd6f6a5661f61c993e6aaede0acbe21a849af082
2026-09-23T22-10-36-390Z_checkpoint-history,V2,,,,,,deploy_registry,,,constructor,0x60806040,,4590964,1,,0x9005486642112873086c0faf3a06ce7199e3377186a80eb6eea4235f5e1c6f56
2026-09-23T22-10-36-390Z_checkpoint-history,V2,,,,,,deploy_governor_V2,,,constructor,0x6101e080,,2178840,1,,0xe21f093d8b2a9ba6f88367321095e29223ba988a4a5c00b4008de52c6006f6fb
2026-09-23T22-10-36-390Z_checkpoint-history,V2,,,,,,grant_admin_role,,,grantRole,0x2f2ff15d,,50799,1,,0x0482dd737ad13e5cf9f342f77b7f4c8d4a60575e6613b501a7a433855227e65d
2026-09-23T22-10-36-390Z_checkpoint-history,V2,,,,,,revoke_deployer_admin_role,,,revokeRole,0xd547741f,,27116,1,,0xbf6c6756b6e885a31717a4b56f3c4fc35da4780ca84e075711ea97189f58ea3d
2026-09-23T22-10-36-390Z_checkpoint-history,V2,,,5.2-P2,P2,8,delegate_admin,,,,0x5c19a95c,,95559,1,,0xe4ed125ff7fcf34a784094393e69d7b32184f90f45a88cf0e398ac5fe2329d50
2026-09-23T22-10-36-390Z_checkpoint-history,V2,,,5.2-P2,P2,8,delegate_voter,,,,0x5c19a95c,,48347,1,,0x8e5cf2e817455991c3f88244f29b95e3c5703efb253d16587c3e019ace8ed4aa
2026-09-23T22-10-36-390Z_checkpoint-history,V2,,,5.2-P2,P2,8,propose,,,propose,0x7d5e81e2,WasteCategoryRegistry.updateCredits,63291,1,,0x1a0e7bcca55f8c53a1c01edad34177615d72e30d5aac65e0f2cb3a236dabaacd
2026-09-23T22-10-36-390Z_checkpoint-history,V2,,,5.2-P2,P2,8,transfer_pre_activation,1,,,0xa9059cbb,,135960,1,,0xbdadc34546fd70b98b7a333082372a571e72051a076b0637d7145a923b859640
2026-09-23T22-10-36-390Z_checkpoint-history,V2,,,5.2-P2,P2,8,transfer_pre_activation,2,,,0xa9059cbb,,104267,1,,0xf29f1092ed085315a735e9a24898c543b28e59e575a116d54412597adbfb83a3
2026-09-23T22-10-36-390Z_checkpoint-history,V2,,,5.2-P2,P2,8,transfer_pre_activation,3,,,0xa9059cbb,,104267,1,,0x9cea627a3bf7eb932a5f6db5b75a9e5f3210c5c27c69c9992ec58c79ffa33aa9
2026-09-23T22-10-36-390Z_checkpoint-history,V2,,,5.2-P2,P2,8,transfer_pre_activation,4,,,0xa9059cbb,,104267,1,,0x05ba826e0e1ab6e4b0fedf00290a610134caf6ae28e8a525d9ea40ca2c371e36
2026-09-23T22-10-36-390Z_checkpoint-history,V2,,,5.2-P2,P2,8,transfer_post_activation,1,out,,0xa9059cbb,,104255,1,,0x5ea9ac36b28ca0b76c0dc18f9b596a74065837835ec582303bf9a99a3ecfb6ff
2026-09-23T22-10-36-390Z_checkpoint-history,V2,,,5.2-P2,P2,8,transfer_post_activation,2,in,,0xa9059cbb,,104255,1,,0x6f5d113a572653f3f024af8555400488c09e386f517f64273a2a7512d665fc4a
2026-09-23T22-10-36-390Z_checkpoint-history,V2,,,5.2-P2,P2,8,transfer_post_activation,3,out,,0xa9059cbb,,104255,1,,0x57afc81921f86cb70cb702343c50a190cead80a6d60a403f29a70d80ccee1070
2026-09-23T22-10-36-390Z_checkpoint-history,V2,,,5.2-P2,P2,8,transfer_post_activation,4,in,,0xa9059cbb,,104255,1,,0x3e148e13c55aadbea8c59228f35bbbcfe01679889b8b370a20d18a6008baeb7b
2026-09-23T22-10-36-390Z_checkpoint-history,V2,,,5.2-P2,P2,8,vote_measured,1,for,castVote,0x56781388,WasteCategoryRegistry.updateCredits,90145,1,,0xbef5266f3836f20b5aa54ba3ca42f5ca5b6f3ffe74b517e8d6789993662cfb33
2026-09-23T22-10-36-390Z_checkpoint-history,V2,T1,,,,,deploy_token_T1,,,constructor,0x61016060,,1621017,1,,0x8a423d158719dafa7ff4b82bcd6f6a5661f61c993e6aaede0acbe21a849af082
2026-09-23T22-10-36-390Z_checkpoint-history,V2,,,,,,deploy_registry,,,constructor,0x60806040,,4590964,1,,0x9005486642112873086c0faf3a06ce7199e3377186a80eb6eea4235f5e1c6f56
2026-09-23T22-10-36-390Z_checkpoint-history,V2,,,,,,deploy_governor_V2,,,constructor,0x6101e080,,2178840,1,,0xe21f093d8b2a9ba6f88367321095e29223ba988a4a5c00b4008de52c6006f6fb
2026-09-23T22-10-36-390Z_checkpoint-history,V2,,,,,,grant_admin_role,,,grantRole,0x2f2ff15d,,50799,1,,0x0482dd737ad13e5cf9f342f77b7f4c8d4a60575e6613b501a7a433855227e65d
2026-09-23T22-10-36-390Z_checkpoint-history,V2,,,,,,revoke_deployer_admin_role,,,revokeRole,0xd547741f,,27116,1,,0xbf6c6756b6e885a31717a4b56f3c4fc35da4780ca84e075711ea97189f58ea3d
2026-09-23T22-10-36-390Z_checkpoint-history,V2,,,5.2-P2,P2,16,delegate_admin,,,,0x5c19a95c,,95559,1,,0xe4ed125ff7fcf34a784094393e69d7b32184f90f45a88cf0e398ac5fe2329d50
2026-09-23T22-10-36-390Z_checkpoint-history,V2,,,5.2-P2,P2,16,delegate_voter,,,,0x5c19a95c,,48347,1,,0x8e5cf2e817455991c3f88244f29b95e3c5703efb253d16587c3e019ace8ed4aa
2026-09-23T22-10-36-390Z_checkpoint-history,V2,,,5.2-P2,P2,16,propose,,,propose,0x7d5e81e2,WasteCategoryRegistry.updateCredits,63303,1,,0xc4e7f96387f7165338be5ada89527c28c05b7097ff23f42d94fae0442c7bd88c
2026-09-23T22-10-36-390Z_checkpoint-history,V2,,,5.2-P2,P2,16,transfer_pre_activation,1,,,0xa9059cbb,,135960,1,,0xa17845ee67dfd34c0a6964d3f01f6d03ea64c1dcb9022afe8e955585a00053f8
2026-09-23T22-10-36-390Z_checkpoint-history,V2,,,5.2-P2,P2,16,transfer_pre_activation,2,,,0xa9059cbb,,104267,1,,0x712396d8986564c5219704553fe23a64258a700596baa8520ce300247fdfcb80
2026-09-23T22-10-36-390Z_checkpoint-history,V2,,,5.2-P2,P2,16,transfer_pre_activation,3,,,0xa9059cbb,,104267,1,,0x02885687f5290f70c4989b9670a067e6b4be759830902e11fd350708302988b1
2026-09-23T22-10-36-390Z_checkpoint-history,V2,,,5.2-P2,P2,16,transfer_pre_activation,4,,,0xa9059cbb,,104267,1,,0x90f333dc4c09ab51b19ff0ef508685c0728fc6995e3e77e458a3dfd41b8e83c2
2026-09-23T22-10-36-390Z_checkpoint-history,V2,,,5.2-P2,P2,16,transfer_pre_activation,5,,,0xa9059cbb,,104267,1,,0xe8c3d48d2801aa7287cc1b782e0729b8a00a213d63a7676b90ab6198c4128fce
2026-09-23T22-10-36-390Z_checkpoint-history,V2,,,5.2-P2,P2,16,transfer_pre_activation,6,,,0xa9059cbb,,104267,1,,0x552e97aa4409b8e96e621e1fde8266e392a09d358a3143351ce9a0103b0b2aa4
2026-09-23T22-10-36-390Z_checkpoint-history,V2,,,5.2-P2,P2,16,transfer_pre_activation,7,,,0xa9059cbb,,104267,1,,0x9dec8b8d01fbe982711c94936b662e320d3daab5d12543ddba34e3ec6822a87e
2026-09-23T22-10-36-390Z_checkpoint-history,V2,,,5.2-P2,P2,16,transfer_pre_activation,8,,,0xa9059cbb,,104267,1,,0x5c4930020716a379ddd8663a0341c5caafa6953242e6f443fca125b76f017a39
2026-09-23T22-10-36-390Z_checkpoint-history,V2,,,5.2-P2,P2,16,transfer_post_activation,1,out,,0xa9059cbb,,104255,1,,0x7b50547f10eaad74bfac4687a9f6c641ab23e81f8ca2c9a059b44f6fe0f5814b
2026-09-23T22-10-36-390Z_checkpoint-history,V2,,,5.2-P2,P2,16,transfer_post_activation,2,in,,0xa9059cbb,,104255,1,,0x91a67dff4bc6cb859cc8e84db947e251494fe0f57cc881b0214a7eb6b1572b93
2026-09-23T22-10-36-390Z_checkpoint-history,V2,,,5.2-P2,P2,16,transfer_post_activation,3,out,,0xa9059cbb,,104255,1,,0xd77e2747e2592699d4a262ba85239447d59c927a166fc21d40efc1fbdc8d1fed
2026-09-23T22-10-36-390Z_checkpoint-history,V2,,,5.2-P2,P2,16,transfer_post_activation,4,in,,0xa9059cbb,,104255,1,,0xc48c8ee7338882e1ad22fe56f34448792f0c785e9355305631f00548ad4c504e
2026-09-23T22-10-36-390Z_checkpoint-history,V2,,,5.2-P2,P2,16,transfer_post_activation,5,out,,0xa9059cbb,,104255,1,,0x84b30ef15cae7e93be1f337b24a0b93965ae7c78ff3460628a3ccc62b4ebc56e
2026-09-23T22-10-36-390Z_checkpoint-history,V2,,,5.2-P2,P2,16,transfer_post_activation,6,in,,0xa9059cbb,,104255,1,,0xbc38eefa0cd7e4a2932a518c82b1d2c6be54e91024e854a8edbd3f3fb96907a2
2026-09-23T22-10-36-390Z_checkpoint-history,V2,,,5.2-P2,P2,16,transfer_post_activation,7,out,,0xa9059cbb,,104255,1,,0x4658e81d49f05164c51427c39f467dd91413918f5538c8b88fe51c16282ac02b
2026-09-23T22-10-36-390Z_checkpoint-history,V2,,,5.2-P2,P2,16,transfer_post_activation,8,in,,0xa9059cbb,,104255,1,,0x53e705ac6901b7227491bf5b858a295d44830c707ef839c510ad83b966b3a5bc
2026-09-23T22-10-36-390Z_checkpoint-history,V2,,,5.2-P2,P2,16,vote_measured,1,for,castVote,0x56781388,WasteCategoryRegistry.updateCredits,92495,1,,0x2977e68eb8efc8dec6da0188f203e18913c01c65a98453ed744c6c33521c916f
2026-09-23T22-10-36-390Z_checkpoint-history,Ref,T1,,,,,deploy_token_T1,,,constructor,0x61016060,,1621017,1,,0x8a423d158719dafa7ff4b82bcd6f6a5661f61c993e6aaede0acbe21a849af082
2026-09-23T22-10-36-390Z_checkpoint-history,Ref,,,,,,deploy_registry,,,constructor,0x60806040,,4590964,1,,0x9005486642112873086c0faf3a06ce7199e3377186a80eb6eea4235f5e1c6f56
2026-09-23T22-10-36-390Z_checkpoint-history,Ref,,,,,,deploy_rewards_registry_for_ctor,,,constructor,0x60806040,,4590964,1,,0x484f4210d177094deb4832deb5e459c708c732becb1881e1d1417503c177d84a
2026-09-23T22-10-36-390Z_checkpoint-history,Ref,,,,,,deploy_credit,,,constructor,0x60806040,,931954,1,,0xda6265176213799bfac2d03545eb38f6f6d6d978852db5e040dec6bdc95b6a46
2026-09-23T22-10-36-390Z_checkpoint-history,Ref,,,,,,deploy_passport,,,constructor,0x60806040,,2776581,1,,0xe5a36162780b85ac2b217350036da2286056186a02d74234dd0980865a07c217
2026-09-23T22-10-36-390Z_checkpoint-history,Ref,,,,,,deploy_rewards,,,constructor,0x60803461,,1246140,1,,0x748f3eef423a29001e508633e407c909b25f0e6a89b560856468f0ac6655c439
2026-09-23T22-10-36-390Z_checkpoint-history,Ref,,,,,,deploy_stakeholders,,,constructor,0x60803461,,1679823,1,,0xd4be2e468d589ae7e76ff2c292757707613e73c2a9e8f4c774280b5fd0991072
2026-09-23T22-10-36-390Z_checkpoint-history,Ref,,,,,,deploy_governor_Ref,,,constructor,0x61018060,,4434623,1,,0x336045c2263454e2a71947bb0f2aaa8c7df8b8c5c06a2e625d2a43c4cea51743
2026-09-23T22-10-36-390Z_checkpoint-history,Ref,,,,,,grant_admin_role,,,grantRole,0x2f2ff15d,,50799,1,,0x9477ec21ceecb8e71e570a8e5c711d060981c6dc53217d4071b2c7d012604374
2026-09-23T22-10-36-390Z_checkpoint-history,Ref,,,,,,revoke_deployer_admin_role,,,revokeRole,0xd547741f,,27116,1,,0x4571f6b2b82c72e95dbfd028346a3c95cee362f1cdc4e946338a9d1e56d58c09
2026-09-23T22-10-36-390Z_checkpoint-history,Ref,,,5.2-P1,P1,1,delegate_admin,,,,0x5c19a95c,,95559,1,,0xfca7f8e34a7a367a38495092e6c6ae53f6f6bbc6c6cdd047fed83c770b76a8c9
2026-09-23T22-10-36-390Z_checkpoint-history,Ref,,,5.2-P1,P1,1,delegate_voter,,,,0x5c19a95c,,48347,1,,0x2f1db724527155bbb87015320f4de9a632dd20bb0d57eddcbd649b18207511a9
2026-09-23T22-10-36-390Z_checkpoint-history,Ref,,,5.2-P1,P1,1,transfer_history,1,,,0xa9059cbb,,135960,1,,0xf73818cab7bec22c2873568741ee5b205f7bcf739ff4a4e81e3c97b5f44fe6a7
2026-09-23T22-10-36-390Z_checkpoint-history,Ref,,,5.2-P1,P1,1,propose,,,propose,0x7d5e81e2,WasteCategoryRegistry.updateCredits,76014,1,,0xe0317729ec33bab1784d12e4e4f2783af7fd623dc994dd2247e6fe381239c5f6
2026-09-23T22-10-36-390Z_checkpoint-history,Ref,,,5.2-P1,P1,1,vote_measured,1,for,castVote,0x56781388,WasteCategoryRegistry.updateCredits,83098,1,,0x50a71a7ccefdc005b767fdcff9ab1ed6b36cd2853e455cb5d35ce35c5bf57f55
2026-09-23T22-10-36-390Z_checkpoint-history,Ref,T1,,,,,deploy_token_T1,,,constructor,0x61016060,,1621017,1,,0x8a423d158719dafa7ff4b82bcd6f6a5661f61c993e6aaede0acbe21a849af082
2026-09-23T22-10-36-390Z_checkpoint-history,Ref,,,,,,deploy_registry,,,constructor,0x60806040,,4590964,1,,0x9005486642112873086c0faf3a06ce7199e3377186a80eb6eea4235f5e1c6f56
2026-09-23T22-10-36-390Z_checkpoint-history,Ref,,,,,,deploy_rewards_registry_for_ctor,,,constructor,0x60806040,,4590964,1,,0x484f4210d177094deb4832deb5e459c708c732becb1881e1d1417503c177d84a
2026-09-23T22-10-36-390Z_checkpoint-history,Ref,,,,,,deploy_credit,,,constructor,0x60806040,,931954,1,,0xda6265176213799bfac2d03545eb38f6f6d6d978852db5e040dec6bdc95b6a46
2026-09-23T22-10-36-390Z_checkpoint-history,Ref,,,,,,deploy_passport,,,constructor,0x60806040,,2776581,1,,0xe5a36162780b85ac2b217350036da2286056186a02d74234dd0980865a07c217
2026-09-23T22-10-36-390Z_checkpoint-history,Ref,,,,,,deploy_rewards,,,constructor,0x60803461,,1246140,1,,0x748f3eef423a29001e508633e407c909b25f0e6a89b560856468f0ac6655c439
2026-09-23T22-10-36-390Z_checkpoint-history,Ref,,,,,,deploy_stakeholders,,,constructor,0x60803461,,1679823,1,,0xd4be2e468d589ae7e76ff2c292757707613e73c2a9e8f4c774280b5fd0991072
2026-09-23T22-10-36-390Z_checkpoint-history,Ref,,,,,,deploy_governor_Ref,,,constructor,0x61018060,,4434623,1,,0x336045c2263454e2a71947bb0f2aaa8c7df8b8c5c06a2e625d2a43c4cea51743
2026-09-23T22-10-36-390Z_checkpoint-history,Ref,,,,,,grant_admin_role,,,grantRole,0x2f2ff15d,,50799,1,,0x9477ec21ceecb8e71e570a8e5c711d060981c6dc53217d4071b2c7d012604374
2026-09-23T22-10-36-390Z_checkpoint-history,Ref,,,,,,revoke_deployer_admin_role,,,revokeRole,0xd547741f,,27116,1,,0x4571f6b2b82c72e95dbfd028346a3c95cee362f1cdc4e946338a9d1e56d58c09
2026-09-23T22-10-36-390Z_checkpoint-history,Ref,,,5.2-P1,P1,2,delegate_admin,,,,0x5c19a95c,,95559,1,,0xfca7f8e34a7a367a38495092e6c6ae53f6f6bbc6c6cdd047fed83c770b76a8c9
2026-09-23T22-10-36-390Z_checkpoint-history,Ref,,,5.2-P1,P1,2,delegate_voter,,,,0x5c19a95c,,48347,1,,0x2f1db724527155bbb87015320f4de9a632dd20bb0d57eddcbd649b18207511a9
2026-09-23T22-10-36-390Z_checkpoint-history,Ref,,,5.2-P1,P1,2,transfer_history,1,,,0xa9059cbb,,135960,1,,0xfe688b27e2916019d17543b0e31b0cf47c5f34267ab4319e265575c810243e44
2026-09-23T22-10-36-390Z_checkpoint-history,Ref,,,5.2-P1,P1,2,transfer_history,2,,,0xa9059cbb,,104267,1,,0xa53beec1df7b82b55a268c326ac67a26075d41e58b9ffbbc220023d695c5cd00
2026-09-23T22-10-36-390Z_checkpoint-history,Ref,,,5.2-P1,P1,2,propose,,,propose,0x7d5e81e2,WasteCategoryRegistry.updateCredits,78364,1,,0x28f04a058f3696935b2ce1cb8f5261d52fac46c814d34c2a574afb43a4438e75
2026-09-23T22-10-36-390Z_checkpoint-history,Ref,,,5.2-P1,P1,2,vote_measured,1,for,castVote,0x56781388,WasteCategoryRegistry.updateCredits,83098,1,,0x8c3be116e0319da7b042eb995b950b0eb1c35a7e908367e99d73b0990ec13fed
2026-09-23T22-10-36-390Z_checkpoint-history,Ref,T1,,,,,deploy_token_T1,,,constructor,0x61016060,,1621017,1,,0x8a423d158719dafa7ff4b82bcd6f6a5661f61c993e6aaede0acbe21a849af082
2026-09-23T22-10-36-390Z_checkpoint-history,Ref,,,,,,deploy_registry,,,constructor,0x60806040,,4590964,1,,0x9005486642112873086c0faf3a06ce7199e3377186a80eb6eea4235f5e1c6f56
2026-09-23T22-10-36-390Z_checkpoint-history,Ref,,,,,,deploy_rewards_registry_for_ctor,,,constructor,0x60806040,,4590964,1,,0x484f4210d177094deb4832deb5e459c708c732becb1881e1d1417503c177d84a
2026-09-23T22-10-36-390Z_checkpoint-history,Ref,,,,,,deploy_credit,,,constructor,0x60806040,,931954,1,,0xda6265176213799bfac2d03545eb38f6f6d6d978852db5e040dec6bdc95b6a46
2026-09-23T22-10-36-390Z_checkpoint-history,Ref,,,,,,deploy_passport,,,constructor,0x60806040,,2776581,1,,0xe5a36162780b85ac2b217350036da2286056186a02d74234dd0980865a07c217
2026-09-23T22-10-36-390Z_checkpoint-history,Ref,,,,,,deploy_rewards,,,constructor,0x60803461,,1246140,1,,0x748f3eef423a29001e508633e407c909b25f0e6a89b560856468f0ac6655c439
2026-09-23T22-10-36-390Z_checkpoint-history,Ref,,,,,,deploy_stakeholders,,,constructor,0x60803461,,1679823,1,,0xd4be2e468d589ae7e76ff2c292757707613e73c2a9e8f4c774280b5fd0991072
2026-09-23T22-10-36-390Z_checkpoint-history,Ref,,,,,,deploy_governor_Ref,,,constructor,0x61018060,,4434623,1,,0x336045c2263454e2a71947bb0f2aaa8c7df8b8c5c06a2e625d2a43c4cea51743
2026-09-23T22-10-36-390Z_checkpoint-history,Ref,,,,,,grant_admin_role,,,grantRole,0x2f2ff15d,,50799,1,,0x9477ec21ceecb8e71e570a8e5c711d060981c6dc53217d4071b2c7d012604374
2026-09-23T22-10-36-390Z_checkpoint-history,Ref,,,,,,revoke_deployer_admin_role,,,revokeRole,0xd547741f,,27116,1,,0x4571f6b2b82c72e95dbfd028346a3c95cee362f1cdc4e946338a9d1e56d58c09
2026-09-23T22-10-36-390Z_checkpoint-history,Ref,,,5.2-P1,P1,4,delegate_admin,,,,0x5c19a95c,,95559,1,,0xfca7f8e34a7a367a38495092e6c6ae53f6f6bbc6c6cdd047fed83c770b76a8c9
2026-09-23T22-10-36-390Z_checkpoint-history,Ref,,,5.2-P1,P1,4,delegate_voter,,,,0x5c19a95c,,48347,1,,0x2f1db724527155bbb87015320f4de9a632dd20bb0d57eddcbd649b18207511a9
2026-09-23T22-10-36-390Z_checkpoint-history,Ref,,,5.2-P1,P1,4,transfer_history,1,,,0xa9059cbb,,135960,1,,0xcd152d82bc27809461afc2bcbd0e7c4f3b52da744ad3fb1da8e8f80a407fb0e4
2026-09-23T22-10-36-390Z_checkpoint-history,Ref,,,5.2-P1,P1,4,transfer_history,2,,,0xa9059cbb,,104267,1,,0x728f16b35788076b1143fd5688cc333ab2610def6cb8a721cb59ece7f1ba1d44
2026-09-23T22-10-36-390Z_checkpoint-history,Ref,,,5.2-P1,P1,4,transfer_history,3,,,0xa9059cbb,,104267,1,,0x0dd824db6364df93dc3914dda9a0d41c82f0e95fcd9f950671d043860e95a820
2026-09-23T22-10-36-390Z_checkpoint-history,Ref,,,5.2-P1,P1,4,transfer_history,4,,,0xa9059cbb,,104267,1,,0x592ef02f7717c262d2bbcfd5109fe97aa0d063513e6d7e11b709c2a4bd0446f8
2026-09-23T22-10-36-390Z_checkpoint-history,Ref,,,5.2-P1,P1,4,propose,,,propose,0x7d5e81e2,WasteCategoryRegistry.updateCredits,78364,1,,0x0e65e985a68c1fbcf39760779bb2c06d12e31a17c722a5094ebf4725c1268774
2026-09-23T22-10-36-390Z_checkpoint-history,Ref,,,5.2-P1,P1,4,vote_measured,1,for,castVote,0x56781388,WasteCategoryRegistry.updateCredits,85448,1,,0x5760a389695dade0eb5ca2e4d90620877b0673c491c613a7408da45295503b35
2026-09-23T22-10-36-390Z_checkpoint-history,Ref,T1,,,,,deploy_token_T1,,,constructor,0x61016060,,1621017,1,,0x8a423d158719dafa7ff4b82bcd6f6a5661f61c993e6aaede0acbe21a849af082
2026-09-23T22-10-36-390Z_checkpoint-history,Ref,,,,,,deploy_registry,,,constructor,0x60806040,,4590964,1,,0x9005486642112873086c0faf3a06ce7199e3377186a80eb6eea4235f5e1c6f56
2026-09-23T22-10-36-390Z_checkpoint-history,Ref,,,,,,deploy_rewards_registry_for_ctor,,,constructor,0x60806040,,4590964,1,,0x484f4210d177094deb4832deb5e459c708c732becb1881e1d1417503c177d84a
2026-09-23T22-10-36-390Z_checkpoint-history,Ref,,,,,,deploy_credit,,,constructor,0x60806040,,931954,1,,0xda6265176213799bfac2d03545eb38f6f6d6d978852db5e040dec6bdc95b6a46
2026-09-23T22-10-36-390Z_checkpoint-history,Ref,,,,,,deploy_passport,,,constructor,0x60806040,,2776581,1,,0xe5a36162780b85ac2b217350036da2286056186a02d74234dd0980865a07c217
2026-09-23T22-10-36-390Z_checkpoint-history,Ref,,,,,,deploy_rewards,,,constructor,0x60803461,,1246140,1,,0x748f3eef423a29001e508633e407c909b25f0e6a89b560856468f0ac6655c439
2026-09-23T22-10-36-390Z_checkpoint-history,Ref,,,,,,deploy_stakeholders,,,constructor,0x60803461,,1679823,1,,0xd4be2e468d589ae7e76ff2c292757707613e73c2a9e8f4c774280b5fd0991072
2026-09-23T22-10-36-390Z_checkpoint-history,Ref,,,,,,deploy_governor_Ref,,,constructor,0x61018060,,4434623,1,,0x336045c2263454e2a71947bb0f2aaa8c7df8b8c5c06a2e625d2a43c4cea51743
2026-09-23T22-10-36-390Z_checkpoint-history,Ref,,,,,,grant_admin_role,,,grantRole,0x2f2ff15d,,50799,1,,0x9477ec21ceecb8e71e570a8e5c711d060981c6dc53217d4071b2c7d012604374
2026-09-23T22-10-36-390Z_checkpoint-history,Ref,,,,,,revoke_deployer_admin_role,,,revokeRole,0xd547741f,,27116,1,,0x4571f6b2b82c72e95dbfd028346a3c95cee362f1cdc4e946338a9d1e56d58c09
2026-09-23T22-10-36-390Z_checkpoint-history,Ref,,,5.2-P1,P1,8,delegate_admin,,,,0x5c19a95c,,95559,1,,0xfca7f8e34a7a367a38495092e6c6ae53f6f6bbc6c6cdd047fed83c770b76a8c9
2026-09-23T22-10-36-390Z_checkpoint-history,Ref,,,5.2-P1,P1,8,delegate_voter,,,,0x5c19a95c,,48347,1,,0x2f1db724527155bbb87015320f4de9a632dd20bb0d57eddcbd649b18207511a9
2026-09-23T22-10-36-390Z_checkpoint-history,Ref,,,5.2-P1,P1,8,transfer_history,1,,,0xa9059cbb,,135960,1,,0x65965228d5261001ec1117b4218b0e3ea436b122dee734ffa0d6937f82d190fa
2026-09-23T22-10-36-390Z_checkpoint-history,Ref,,,5.2-P1,P1,8,transfer_history,2,,,0xa9059cbb,,104267,1,,0x8f92d71d86fc0e7b996d284bedaf164ff1681d3ebe65d2d3bdfd090f87a5e336
2026-09-23T22-10-36-390Z_checkpoint-history,Ref,,,5.2-P1,P1,8,transfer_history,3,,,0xa9059cbb,,104267,1,,0x4e64c193fd4b3495df58d81a43981723895e4aa38f2517c916d8ddf86c77bcc3
2026-09-23T22-10-36-390Z_checkpoint-history,Ref,,,5.2-P1,P1,8,transfer_history,4,,,0xa9059cbb,,104267,1,,0xa5a9d4982770822fcf4a3779a9fa2c5a9ee03d858c94edb204340f3108dddfc1
2026-09-23T22-10-36-390Z_checkpoint-history,Ref,,,5.2-P1,P1,8,transfer_history,5,,,0xa9059cbb,,104267,1,,0xa0b4a1487313625c4f8964fd332faa8a743804e383ac06842f8dc2d4bbe62360
2026-09-23T22-10-36-390Z_checkpoint-history,Ref,,,5.2-P1,P1,8,transfer_history,6,,,0xa9059cbb,,104267,1,,0xc33ac14dc327b433856b3ace1a85104b16545b3137b1157c195a9c4db4d110c4
2026-09-23T22-10-36-390Z_checkpoint-history,Ref,,,5.2-P1,P1,8,transfer_history,7,,,0xa9059cbb,,104267,1,,0x933f7cf29b10f4616db05e8fee1539c129e4cd42468bfbe1133fb57663502e3b
2026-09-23T22-10-36-390Z_checkpoint-history,Ref,,,5.2-P1,P1,8,transfer_history,8,,,0xa9059cbb,,104267,1,,0xd8d3fb1fcb01c51e4e62de8f1a1ed1a1df2976119c318b3a7d92906e00394b6a
2026-09-23T22-10-36-390Z_checkpoint-history,Ref,,,5.2-P1,P1,8,propose,,,propose,0x7d5e81e2,WasteCategoryRegistry.updateCredits,79205,1,,0x90390075018511b1eff83c32adc32b73a4f185ed166b44fcc3e1d4ec4e6f5af5
2026-09-23T22-10-36-390Z_checkpoint-history,Ref,,,5.2-P1,P1,8,vote_measured,1,for,castVote,0x56781388,WasteCategoryRegistry.updateCredits,86289,1,,0xfe2d6980eb33611fffdbd16734e3cfc75c5155aa3d639369bcdfbad9c58fbd53
2026-09-23T22-10-36-390Z_checkpoint-history,Ref,T1,,,,,deploy_token_T1,,,constructor,0x61016060,,1621017,1,,0x8a423d158719dafa7ff4b82bcd6f6a5661f61c993e6aaede0acbe21a849af082
2026-09-23T22-10-36-390Z_checkpoint-history,Ref,,,,,,deploy_registry,,,constructor,0x60806040,,4590964,1,,0x9005486642112873086c0faf3a06ce7199e3377186a80eb6eea4235f5e1c6f56
2026-09-23T22-10-36-390Z_checkpoint-history,Ref,,,,,,deploy_rewards_registry_for_ctor,,,constructor,0x60806040,,4590964,1,,0x484f4210d177094deb4832deb5e459c708c732becb1881e1d1417503c177d84a
2026-09-23T22-10-36-390Z_checkpoint-history,Ref,,,,,,deploy_credit,,,constructor,0x60806040,,931954,1,,0xda6265176213799bfac2d03545eb38f6f6d6d978852db5e040dec6bdc95b6a46
2026-09-23T22-10-36-390Z_checkpoint-history,Ref,,,,,,deploy_passport,,,constructor,0x60806040,,2776581,1,,0xe5a36162780b85ac2b217350036da2286056186a02d74234dd0980865a07c217
2026-09-23T22-10-36-390Z_checkpoint-history,Ref,,,,,,deploy_rewards,,,constructor,0x60803461,,1246140,1,,0x748f3eef423a29001e508633e407c909b25f0e6a89b560856468f0ac6655c439
2026-09-23T22-10-36-390Z_checkpoint-history,Ref,,,,,,deploy_stakeholders,,,constructor,0x60803461,,1679823,1,,0xd4be2e468d589ae7e76ff2c292757707613e73c2a9e8f4c774280b5fd0991072
2026-09-23T22-10-36-390Z_checkpoint-history,Ref,,,,,,deploy_governor_Ref,,,constructor,0x61018060,,4434623,1,,0x336045c2263454e2a71947bb0f2aaa8c7df8b8c5c06a2e625d2a43c4cea51743
2026-09-23T22-10-36-390Z_checkpoint-history,Ref,,,,,,grant_admin_role,,,grantRole,0x2f2ff15d,,50799,1,,0x9477ec21ceecb8e71e570a8e5c711d060981c6dc53217d4071b2c7d012604374
2026-09-23T22-10-36-390Z_checkpoint-history,Ref,,,,,,revoke_deployer_admin_role,,,revokeRole,0xd547741f,,27116,1,,0x4571f6b2b82c72e95dbfd028346a3c95cee362f1cdc4e946338a9d1e56d58c09
2026-09-23T22-10-36-390Z_checkpoint-history,Ref,,,5.2-P1,P1,16,delegate_admin,,,,0x5c19a95c,,95559,1,,0xfca7f8e34a7a367a38495092e6c6ae53f6f6bbc6c6cdd047fed83c770b76a8c9
2026-09-23T22-10-36-390Z_checkpoint-history,Ref,,,5.2-P1,P1,16,delegate_voter,,,,0x5c19a95c,,48347,1,,0x2f1db724527155bbb87015320f4de9a632dd20bb0d57eddcbd649b18207511a9
2026-09-23T22-10-36-390Z_checkpoint-history,Ref,,,5.2-P1,P1,16,transfer_history,1,,,0xa9059cbb,,135960,1,,0x94aa27da3b6dcb1c3fa44f8353685485e86b2f075c5c9957e45301b9a91c5ab4
2026-09-23T22-10-36-390Z_checkpoint-history,Ref,,,5.2-P1,P1,16,transfer_history,2,,,0xa9059cbb,,104267,1,,0xb520590b9c7900548014a1c6ff2bab54bb572889aafc3b6dd7657af077ace912
2026-09-23T22-10-36-390Z_checkpoint-history,Ref,,,5.2-P1,P1,16,transfer_history,3,,,0xa9059cbb,,104267,1,,0xc30e778aa12ec0e52a16502415b0ac44450e5c3eba3d1546145c73b413683174
2026-09-23T22-10-36-390Z_checkpoint-history,Ref,,,5.2-P1,P1,16,transfer_history,4,,,0xa9059cbb,,104267,1,,0x02fa6afd7ddc1b28940685652e02d80461285e693c70ded27961fc151d741deb
2026-09-23T22-10-36-390Z_checkpoint-history,Ref,,,5.2-P1,P1,16,transfer_history,5,,,0xa9059cbb,,104267,1,,0xb8605820f41cc11dd8b43be1ab8da6801f4051f67798ba7b488d653bbb7fd6e8
2026-09-23T22-10-36-390Z_checkpoint-history,Ref,,,5.2-P1,P1,16,transfer_history,6,,,0xa9059cbb,,104267,1,,0x541de52aa2ce4d0ee98afdcc15f84834cf1e1e25db86eb8be10c28273dfbab70
2026-09-23T22-10-36-390Z_checkpoint-history,Ref,,,5.2-P1,P1,16,transfer_history,7,,,0xa9059cbb,,104267,1,,0xba4c1e1c5e9c6044d569af914efb4aff71d59b735e5b50b4bebed33822296b44
2026-09-23T22-10-36-390Z_checkpoint-history,Ref,,,5.2-P1,P1,16,transfer_history,8,,,0xa9059cbb,,104267,1,,0xe84132a58151dcbaa72043911efdf0ebb815ee9769c16ad3db7b0bebcad75be6
2026-09-23T22-10-36-390Z_checkpoint-history,Ref,,,5.2-P1,P1,16,transfer_history,9,,,0xa9059cbb,,104267,1,,0xe22fd32e0f65779a46814862184cb580b49389e5fd7f93b48ca82b91849dd1c9
2026-09-23T22-10-36-390Z_checkpoint-history,Ref,,,5.2-P1,P1,16,transfer_history,10,,,0xa9059cbb,,104267,1,,0x10f7e5f16c90b6f963ad43c4910f93ac07ac2286054d4c38f7115642e94d5390
2026-09-23T22-10-36-390Z_checkpoint-history,Ref,,,5.2-P1,P1,16,transfer_history,11,,,0xa9059cbb,,104267,1,,0x94dd0ee00a34ede454b893804810fbc1cf7e86bbd6980eca9eebdf4af7ff5b0f
2026-09-23T22-10-36-390Z_checkpoint-history,Ref,,,5.2-P1,P1,16,transfer_history,12,,,0xa9059cbb,,104267,1,,0x34d1a58985545919752d1db0aaaaa4d9d373f0ec066f6a0df3013296de052f6e
2026-09-23T22-10-36-390Z_checkpoint-history,Ref,,,5.2-P1,P1,16,transfer_history,13,,,0xa9059cbb,,104267,1,,0x6fa55967f5469fc88ecd002401505f9bceccea26b39499426c3676a3c6221bcb
2026-09-23T22-10-36-390Z_checkpoint-history,Ref,,,5.2-P1,P1,16,transfer_history,14,,,0xa9059cbb,,104267,1,,0x0d871f2aded2b47db7faef5fb6b7f7beaa689c2d13f7e1b24548640452b10b8b
2026-09-23T22-10-36-390Z_checkpoint-history,Ref,,,5.2-P1,P1,16,transfer_history,15,,,0xa9059cbb,,104267,1,,0x708206864bbbf11aa145f2a6e61a35a679c0ebb284fa6474fd53fb061700a194
2026-09-23T22-10-36-390Z_checkpoint-history,Ref,,,5.2-P1,P1,16,transfer_history,16,,,0xa9059cbb,,104267,1,,0x89a6dd1a6a28005acf025a4b67231552786ad1ebca93e171f84ee60bc96ecb58
2026-09-23T22-10-36-390Z_checkpoint-history,Ref,,,5.2-P1,P1,16,propose,,,propose,0x7d5e81e2,WasteCategoryRegistry.updateCredits,81579,1,,0x100a0f0bcfb6061a31bae68cc4167dd1e166e3471eeb84d4093a528234923390
2026-09-23T22-10-36-390Z_checkpoint-history,Ref,,,5.2-P1,P1,16,vote_measured,1,for,castVote,0x56781388,WasteCategoryRegistry.updateCredits,88639,1,,0x32a0ec43260059bb90f23e084df7a33239039d13e9b400e00a85dd88276c0bbf
2026-09-23T22-10-36-390Z_checkpoint-history,Ref,T1,,,,,deploy_token_T1,,,constructor,0x61016060,,1621017,1,,0x8a423d158719dafa7ff4b82bcd6f6a5661f61c993e6aaede0acbe21a849af082
2026-09-23T22-10-36-390Z_checkpoint-history,Ref,,,,,,deploy_registry,,,constructor,0x60806040,,4590964,1,,0x9005486642112873086c0faf3a06ce7199e3377186a80eb6eea4235f5e1c6f56
2026-09-23T22-10-36-390Z_checkpoint-history,Ref,,,,,,deploy_rewards_registry_for_ctor,,,constructor,0x60806040,,4590964,1,,0x484f4210d177094deb4832deb5e459c708c732becb1881e1d1417503c177d84a
2026-09-23T22-10-36-390Z_checkpoint-history,Ref,,,,,,deploy_credit,,,constructor,0x60806040,,931954,1,,0xda6265176213799bfac2d03545eb38f6f6d6d978852db5e040dec6bdc95b6a46
2026-09-23T22-10-36-390Z_checkpoint-history,Ref,,,,,,deploy_passport,,,constructor,0x60806040,,2776581,1,,0xe5a36162780b85ac2b217350036da2286056186a02d74234dd0980865a07c217
2026-09-23T22-10-36-390Z_checkpoint-history,Ref,,,,,,deploy_rewards,,,constructor,0x60803461,,1246140,1,,0x748f3eef423a29001e508633e407c909b25f0e6a89b560856468f0ac6655c439
2026-09-23T22-10-36-390Z_checkpoint-history,Ref,,,,,,deploy_stakeholders,,,constructor,0x60803461,,1679823,1,,0xd4be2e468d589ae7e76ff2c292757707613e73c2a9e8f4c774280b5fd0991072
2026-09-23T22-10-36-390Z_checkpoint-history,Ref,,,,,,deploy_governor_Ref,,,constructor,0x61018060,,4434623,1,,0x336045c2263454e2a71947bb0f2aaa8c7df8b8c5c06a2e625d2a43c4cea51743
2026-09-23T22-10-36-390Z_checkpoint-history,Ref,,,,,,grant_admin_role,,,grantRole,0x2f2ff15d,,50799,1,,0x9477ec21ceecb8e71e570a8e5c711d060981c6dc53217d4071b2c7d012604374
2026-09-23T22-10-36-390Z_checkpoint-history,Ref,,,,,,revoke_deployer_admin_role,,,revokeRole,0xd547741f,,27116,1,,0x4571f6b2b82c72e95dbfd028346a3c95cee362f1cdc4e946338a9d1e56d58c09
2026-09-23T22-10-36-390Z_checkpoint-history,Ref,,,5.2-P2,P2,2,delegate_admin,,,,0x5c19a95c,,95559,1,,0xfca7f8e34a7a367a38495092e6c6ae53f6f6bbc6c6cdd047fed83c770b76a8c9
2026-09-23T22-10-36-390Z_checkpoint-history,Ref,,,5.2-P2,P2,2,delegate_voter,,,,0x5c19a95c,,48347,1,,0x2f1db724527155bbb87015320f4de9a632dd20bb0d57eddcbd649b18207511a9
2026-09-23T22-10-36-390Z_checkpoint-history,Ref,,,5.2-P2,P2,2,propose,,,propose,0x7d5e81e2,WasteCategoryRegistry.updateCredits,76014,1,,0x49c2aa5c77325dade6705571fdbbacb1d9f01b9cd4b1292e98547e11dca35cb4
2026-09-23T22-10-36-390Z_checkpoint-history,Ref,,,5.2-P2,P2,2,transfer_pre_activation,1,,,0xa9059cbb,,135960,1,,0x788b9bae3bee83245f7bacbbae6b7ce8957454b7677f33f3ce955988b534f17d
2026-09-23T22-10-36-390Z_checkpoint-history,Ref,,,5.2-P2,P2,2,transfer_post_activation,1,out,,0xa9059cbb,,104255,1,,0x2b36ab33f5a72690e7b8cde5033547ca3a465bbb3bb9de76a4e7a2e94281c873
2026-09-23T22-10-36-390Z_checkpoint-history,Ref,,,5.2-P2,P2,2,vote_measured,1,for,castVote,0x56781388,WasteCategoryRegistry.updateCredits,85375,1,,0x19f2d586db12fa996679ca5d4c9a0de8b6e399994a5f0103193ae1df50c0ab69
2026-09-23T22-10-36-390Z_checkpoint-history,Ref,T1,,,,,deploy_token_T1,,,constructor,0x61016060,,1621017,1,,0x8a423d158719dafa7ff4b82bcd6f6a5661f61c993e6aaede0acbe21a849af082
2026-09-23T22-10-36-390Z_checkpoint-history,Ref,,,,,,deploy_registry,,,constructor,0x60806040,,4590964,1,,0x9005486642112873086c0faf3a06ce7199e3377186a80eb6eea4235f5e1c6f56
2026-09-23T22-10-36-390Z_checkpoint-history,Ref,,,,,,deploy_rewards_registry_for_ctor,,,constructor,0x60806040,,4590964,1,,0x484f4210d177094deb4832deb5e459c708c732becb1881e1d1417503c177d84a
2026-09-23T22-10-36-390Z_checkpoint-history,Ref,,,,,,deploy_credit,,,constructor,0x60806040,,931954,1,,0xda6265176213799bfac2d03545eb38f6f6d6d978852db5e040dec6bdc95b6a46
2026-09-23T22-10-36-390Z_checkpoint-history,Ref,,,,,,deploy_passport,,,constructor,0x60806040,,2776581,1,,0xe5a36162780b85ac2b217350036da2286056186a02d74234dd0980865a07c217
2026-09-23T22-10-36-390Z_checkpoint-history,Ref,,,,,,deploy_rewards,,,constructor,0x60803461,,1246140,1,,0x748f3eef423a29001e508633e407c909b25f0e6a89b560856468f0ac6655c439
2026-09-23T22-10-36-390Z_checkpoint-history,Ref,,,,,,deploy_stakeholders,,,constructor,0x60803461,,1679823,1,,0xd4be2e468d589ae7e76ff2c292757707613e73c2a9e8f4c774280b5fd0991072
2026-09-23T22-10-36-390Z_checkpoint-history,Ref,,,,,,deploy_governor_Ref,,,constructor,0x61018060,,4434623,1,,0x336045c2263454e2a71947bb0f2aaa8c7df8b8c5c06a2e625d2a43c4cea51743
2026-09-23T22-10-36-390Z_checkpoint-history,Ref,,,,,,grant_admin_role,,,grantRole,0x2f2ff15d,,50799,1,,0x9477ec21ceecb8e71e570a8e5c711d060981c6dc53217d4071b2c7d012604374
2026-09-23T22-10-36-390Z_checkpoint-history,Ref,,,,,,revoke_deployer_admin_role,,,revokeRole,0xd547741f,,27116,1,,0x4571f6b2b82c72e95dbfd028346a3c95cee362f1cdc4e946338a9d1e56d58c09
2026-09-23T22-10-36-390Z_checkpoint-history,Ref,,,5.2-P2,P2,4,delegate_admin,,,,0x5c19a95c,,95559,1,,0xfca7f8e34a7a367a38495092e6c6ae53f6f6bbc6c6cdd047fed83c770b76a8c9
2026-09-23T22-10-36-390Z_checkpoint-history,Ref,,,5.2-P2,P2,4,delegate_voter,,,,0x5c19a95c,,48347,1,,0x2f1db724527155bbb87015320f4de9a632dd20bb0d57eddcbd649b18207511a9
2026-09-23T22-10-36-390Z_checkpoint-history,Ref,,,5.2-P2,P2,4,propose,,,propose,0x7d5e81e2,WasteCategoryRegistry.updateCredits,76014,1,,0x1336f336de64f74990d97bce950aea12195c446f475b921133e717a77f059922
2026-09-23T22-10-36-390Z_checkpoint-history,Ref,,,5.2-P2,P2,4,transfer_pre_activation,1,,,0xa9059cbb,,135960,1,,0x12d94325460792c59a24ba11fe2e4defd4417f8b74dfc44c1ab65afd10324d51
2026-09-23T22-10-36-390Z_checkpoint-history,Ref,,,5.2-P2,P2,4,transfer_pre_activation,2,,,0xa9059cbb,,104267,1,,0x6c88ee25e75ce048b4061e8de1aca90f222dad3052f235ad25d5abedda2e7bfc
2026-09-23T22-10-36-390Z_checkpoint-history,Ref,,,5.2-P2,P2,4,transfer_post_activation,1,out,,0xa9059cbb,,104255,1,,0x152c00acf389a4c8bfe93f2074b75cf9b8899273b28d3f3d215b2e992ac658f5
2026-09-23T22-10-36-390Z_checkpoint-history,Ref,,,5.2-P2,P2,4,transfer_post_activation,2,in,,0xa9059cbb,,104255,1,,0xe4f5642c1acd93deceb55f72deb6f80a068da0f685fecaeeaaaf06dd4613b33f
2026-09-23T22-10-36-390Z_checkpoint-history,Ref,,,5.2-P2,P2,4,vote_measured,1,for,castVote,0x56781388,WasteCategoryRegistry.updateCredits,85375,1,,0x687dcfb02e165105c49f1686020d51350d151e33e6fa393132984a0221c7e760
2026-09-23T22-10-36-390Z_checkpoint-history,Ref,T1,,,,,deploy_token_T1,,,constructor,0x61016060,,1621017,1,,0x8a423d158719dafa7ff4b82bcd6f6a5661f61c993e6aaede0acbe21a849af082
2026-09-23T22-10-36-390Z_checkpoint-history,Ref,,,,,,deploy_registry,,,constructor,0x60806040,,4590964,1,,0x9005486642112873086c0faf3a06ce7199e3377186a80eb6eea4235f5e1c6f56
2026-09-23T22-10-36-390Z_checkpoint-history,Ref,,,,,,deploy_rewards_registry_for_ctor,,,constructor,0x60806040,,4590964,1,,0x484f4210d177094deb4832deb5e459c708c732becb1881e1d1417503c177d84a
2026-09-23T22-10-36-390Z_checkpoint-history,Ref,,,,,,deploy_credit,,,constructor,0x60806040,,931954,1,,0xda6265176213799bfac2d03545eb38f6f6d6d978852db5e040dec6bdc95b6a46
2026-09-23T22-10-36-390Z_checkpoint-history,Ref,,,,,,deploy_passport,,,constructor,0x60806040,,2776581,1,,0xe5a36162780b85ac2b217350036da2286056186a02d74234dd0980865a07c217
2026-09-23T22-10-36-390Z_checkpoint-history,Ref,,,,,,deploy_rewards,,,constructor,0x60803461,,1246140,1,,0x748f3eef423a29001e508633e407c909b25f0e6a89b560856468f0ac6655c439
2026-09-23T22-10-36-390Z_checkpoint-history,Ref,,,,,,deploy_stakeholders,,,constructor,0x60803461,,1679823,1,,0xd4be2e468d589ae7e76ff2c292757707613e73c2a9e8f4c774280b5fd0991072
2026-09-23T22-10-36-390Z_checkpoint-history,Ref,,,,,,deploy_governor_Ref,,,constructor,0x61018060,,4434623,1,,0x336045c2263454e2a71947bb0f2aaa8c7df8b8c5c06a2e625d2a43c4cea51743
2026-09-23T22-10-36-390Z_checkpoint-history,Ref,,,,,,grant_admin_role,,,grantRole,0x2f2ff15d,,50799,1,,0x9477ec21ceecb8e71e570a8e5c711d060981c6dc53217d4071b2c7d012604374
2026-09-23T22-10-36-390Z_checkpoint-history,Ref,,,,,,revoke_deployer_admin_role,,,revokeRole,0xd547741f,,27116,1,,0x4571f6b2b82c72e95dbfd028346a3c95cee362f1cdc4e946338a9d1e56d58c09
2026-09-23T22-10-36-390Z_checkpoint-history,Ref,,,5.2-P2,P2,8,delegate_admin,,,,0x5c19a95c,,95559,1,,0xfca7f8e34a7a367a38495092e6c6ae53f6f6bbc6c6cdd047fed83c770b76a8c9
2026-09-23T22-10-36-390Z_checkpoint-history,Ref,,,5.2-P2,P2,8,delegate_voter,,,,0x5c19a95c,,48347,1,,0x2f1db724527155bbb87015320f4de9a632dd20bb0d57eddcbd649b18207511a9
2026-09-23T22-10-36-390Z_checkpoint-history,Ref,,,5.2-P2,P2,8,propose,,,propose,0x7d5e81e2,WasteCategoryRegistry.updateCredits,76014,1,,0x5eaa5c3ae1add030a9ae1a42dcd5ce0617f43402fe814eec2f09eee09c541a60
2026-09-23T22-10-36-390Z_checkpoint-history,Ref,,,5.2-P2,P2,8,transfer_pre_activation,1,,,0xa9059cbb,,135960,1,,0x50a2dc3dbba714bd49e5cff77300a634f3cae0d59b85e5b36c9918afadfc3434
2026-09-23T22-10-36-390Z_checkpoint-history,Ref,,,5.2-P2,P2,8,transfer_pre_activation,2,,,0xa9059cbb,,104267,1,,0x16ee306d3e15556358331d3f31b943db8c28bad91ed0fde10b7f39e59d19cf46
2026-09-23T22-10-36-390Z_checkpoint-history,Ref,,,5.2-P2,P2,8,transfer_pre_activation,3,,,0xa9059cbb,,104267,1,,0xba399fe6ab089acd4f0f0d004bf8f695dc8cd5db8b295c6d5e8d6c2c713d166e
2026-09-23T22-10-36-390Z_checkpoint-history,Ref,,,5.2-P2,P2,8,transfer_pre_activation,4,,,0xa9059cbb,,104267,1,,0x6e235cc2e4188f5cb461cb9ee4be3c180c19fa6398e9bf340e8271a2bf758872
2026-09-23T22-10-36-390Z_checkpoint-history,Ref,,,5.2-P2,P2,8,transfer_post_activation,1,out,,0xa9059cbb,,104255,1,,0x5b6e0cdcb4c763bd8b39ca1b85f93181bbbfc7e69d8840c1bba4de785978fac2
2026-09-23T22-10-36-390Z_checkpoint-history,Ref,,,5.2-P2,P2,8,transfer_post_activation,2,in,,0xa9059cbb,,104255,1,,0xb722927949dd3dc782aa351e1abb8019c8d92cbee46cadecbd8dcd5cdd8bf66a
2026-09-23T22-10-36-390Z_checkpoint-history,Ref,,,5.2-P2,P2,8,transfer_post_activation,3,out,,0xa9059cbb,,104255,1,,0xb09d8b8e6a2ceeeb2318dbb02c9ed3a01e95ad9d54015543b22988a352dacec5
2026-09-23T22-10-36-390Z_checkpoint-history,Ref,,,5.2-P2,P2,8,transfer_post_activation,4,in,,0xa9059cbb,,104255,1,,0xa71479ac567349b5830cdd9ef4e47969d071609b2a4438a893ee585947d6d562
2026-09-23T22-10-36-390Z_checkpoint-history,Ref,,,5.2-P2,P2,8,vote_measured,1,for,castVote,0x56781388,WasteCategoryRegistry.updateCredits,90775,1,,0x19ead5854b15be5767393cfc0e757c04143c2f02d2a570ecdde1a2f84f74b84e
2026-09-23T22-10-36-390Z_checkpoint-history,Ref,T1,,,,,deploy_token_T1,,,constructor,0x61016060,,1621017,1,,0x8a423d158719dafa7ff4b82bcd6f6a5661f61c993e6aaede0acbe21a849af082
2026-09-23T22-10-36-390Z_checkpoint-history,Ref,,,,,,deploy_registry,,,constructor,0x60806040,,4590964,1,,0x9005486642112873086c0faf3a06ce7199e3377186a80eb6eea4235f5e1c6f56
2026-09-23T22-10-36-390Z_checkpoint-history,Ref,,,,,,deploy_rewards_registry_for_ctor,,,constructor,0x60806040,,4590964,1,,0x484f4210d177094deb4832deb5e459c708c732becb1881e1d1417503c177d84a
2026-09-23T22-10-36-390Z_checkpoint-history,Ref,,,,,,deploy_credit,,,constructor,0x60806040,,931954,1,,0xda6265176213799bfac2d03545eb38f6f6d6d978852db5e040dec6bdc95b6a46
2026-09-23T22-10-36-390Z_checkpoint-history,Ref,,,,,,deploy_passport,,,constructor,0x60806040,,2776581,1,,0xe5a36162780b85ac2b217350036da2286056186a02d74234dd0980865a07c217
2026-09-23T22-10-36-390Z_checkpoint-history,Ref,,,,,,deploy_rewards,,,constructor,0x60803461,,1246140,1,,0x748f3eef423a29001e508633e407c909b25f0e6a89b560856468f0ac6655c439
2026-09-23T22-10-36-390Z_checkpoint-history,Ref,,,,,,deploy_stakeholders,,,constructor,0x60803461,,1679823,1,,0xd4be2e468d589ae7e76ff2c292757707613e73c2a9e8f4c774280b5fd0991072
2026-09-23T22-10-36-390Z_checkpoint-history,Ref,,,,,,deploy_governor_Ref,,,constructor,0x61018060,,4434623,1,,0x336045c2263454e2a71947bb0f2aaa8c7df8b8c5c06a2e625d2a43c4cea51743
2026-09-23T22-10-36-390Z_checkpoint-history,Ref,,,,,,grant_admin_role,,,grantRole,0x2f2ff15d,,50799,1,,0x9477ec21ceecb8e71e570a8e5c711d060981c6dc53217d4071b2c7d012604374
2026-09-23T22-10-36-390Z_checkpoint-history,Ref,,,,,,revoke_deployer_admin_role,,,revokeRole,0xd547741f,,27116,1,,0x4571f6b2b82c72e95dbfd028346a3c95cee362f1cdc4e946338a9d1e56d58c09
2026-09-23T22-10-36-390Z_checkpoint-history,Ref,,,5.2-P2,P2,16,delegate_admin,,,,0x5c19a95c,,95559,1,,0xfca7f8e34a7a367a38495092e6c6ae53f6f6bbc6c6cdd047fed83c770b76a8c9
2026-09-23T22-10-36-390Z_checkpoint-history,Ref,,,5.2-P2,P2,16,delegate_voter,,,,0x5c19a95c,,48347,1,,0x2f1db724527155bbb87015320f4de9a632dd20bb0d57eddcbd649b18207511a9
2026-09-23T22-10-36-390Z_checkpoint-history,Ref,,,5.2-P2,P2,16,propose,,,propose,0x7d5e81e2,WasteCategoryRegistry.updateCredits,76026,1,,0xd1c211985594ade9e31c9e252ba3544d674227ca6679c8d900322bd109f22ec7
2026-09-23T22-10-36-390Z_checkpoint-history,Ref,,,5.2-P2,P2,16,transfer_pre_activation,1,,,0xa9059cbb,,135960,1,,0xd2123cbd6b38a13cd31e71b41868bda300cca343fdbc7b01bc7d633ab60d9fe5
2026-09-23T22-10-36-390Z_checkpoint-history,Ref,,,5.2-P2,P2,16,transfer_pre_activation,2,,,0xa9059cbb,,104267,1,,0x73a9d7e97fa3b6068ee64bba9da4a11f7e2a7982e496e7e9ad73fd8ce1e8038f
2026-09-23T22-10-36-390Z_checkpoint-history,Ref,,,5.2-P2,P2,16,transfer_pre_activation,3,,,0xa9059cbb,,104267,1,,0xab1b18a34fd267911ba1ef00ee7d489f7f717af14174748efefd5bc5b0049af2
2026-09-23T22-10-36-390Z_checkpoint-history,Ref,,,5.2-P2,P2,16,transfer_pre_activation,4,,,0xa9059cbb,,104267,1,,0x2540e78a532818bc5cdd2c3d7656cd1c53051742a13089e65448cc5c934f5ff0
2026-09-23T22-10-36-390Z_checkpoint-history,Ref,,,5.2-P2,P2,16,transfer_pre_activation,5,,,0xa9059cbb,,104267,1,,0x90617af690244dfc0becce5fbb4af2496d586d560ec291a5ad8392c1a79f7a2b
2026-09-23T22-10-36-390Z_checkpoint-history,Ref,,,5.2-P2,P2,16,transfer_pre_activation,6,,,0xa9059cbb,,104267,1,,0x5f6891ddf5ddff8a4dc36b7db54e425ccb93d09c979705e167a2605e7a223928
2026-09-23T22-10-36-390Z_checkpoint-history,Ref,,,5.2-P2,P2,16,transfer_pre_activation,7,,,0xa9059cbb,,104267,1,,0x4a75924b36dacfcfd41c08457b44167a26807aa56ac73ec3f1040853f092fb63
2026-09-23T22-10-36-390Z_checkpoint-history,Ref,,,5.2-P2,P2,16,transfer_pre_activation,8,,,0xa9059cbb,,104267,1,,0x41fdef6fb9d0c1769e33828d91dfc8d7badd57fa9cbe8f05f6bbd51aaa5269d8
2026-09-23T22-10-36-390Z_checkpoint-history,Ref,,,5.2-P2,P2,16,transfer_post_activation,1,out,,0xa9059cbb,,104255,1,,0xfc92952f349146607c22dcf042f5e111664d33afd96741154634d7d670593b76
2026-09-23T22-10-36-390Z_checkpoint-history,Ref,,,5.2-P2,P2,16,transfer_post_activation,2,in,,0xa9059cbb,,104255,1,,0x25a0828e91a3c0a6a35bb2641660c5f1c70c9a7fb702a6bbfa83504ab3ec9e69
2026-09-23T22-10-36-390Z_checkpoint-history,Ref,,,5.2-P2,P2,16,transfer_post_activation,3,out,,0xa9059cbb,,104255,1,,0x698842fabde81e8d25278aac5e1fec501c2b970d1088c6506a931274e6310313
2026-09-23T22-10-36-390Z_checkpoint-history,Ref,,,5.2-P2,P2,16,transfer_post_activation,4,in,,0xa9059cbb,,104255,1,,0x35930f97eba40cadc61e10c575965c6b062ef10a4bb87e904611c7cf0a3bc26f
2026-09-23T22-10-36-390Z_checkpoint-history,Ref,,,5.2-P2,P2,16,transfer_post_activation,5,out,,0xa9059cbb,,104255,1,,0x31ad26a42a9e5ced45ebdd4f5fef02d0b66712ee793e31a9406776a70b93013d
2026-09-23T22-10-36-390Z_checkpoint-history,Ref,,,5.2-P2,P2,16,transfer_post_activation,6,in,,0xa9059cbb,,104255,1,,0xcea67c4be09a1c431fed4eed4eb18e19530dac58a19ca66cb0b41a26ba3eda48
2026-09-23T22-10-36-390Z_checkpoint-history,Ref,,,5.2-P2,P2,16,transfer_post_activation,7,out,,0xa9059cbb,,104255,1,,0x0afc171c376ac02a60043dc03b8dcd1053b134b4133acfd1e9bc3684ccdbeee9
2026-09-23T22-10-36-390Z_checkpoint-history,Ref,,,5.2-P2,P2,16,transfer_post_activation,8,in,,0xa9059cbb,,104255,1,,0x5bcc396270aa2ee4da008bf85c63f1f0beee3a7938bdd9cf47d487bf776211b4
2026-09-23T22-10-36-390Z_checkpoint-history,Ref,,,5.2-P2,P2,16,vote_measured,1,for,castVote,0x56781388,WasteCategoryRegistry.updateCredits,93137,1,,0xb3fde0eec1a739944274f5e9c78505fe5eaa0648d09a8370ea01bf4298c9a223